Pokemon,Score,Dex,Type 1,Type 2,Attack,Defense,Stamina,Stat Product,Level,CP,Fast Move,Charged Move 1,Charged Move 2,Charged Move 1 Count,Charged Move 2 Count,Buddy Distance,Charged Move Cost
Registeel,98.9,379,steel,none,122.8,242.2,171,5086235,49,2500,Lock On,Focus Blast,Zap Cannon,15,16,20,100000
Zygarde (Complete Forme),95.7,718,dragon,ground,126.2,146.9,266,4934387,25,2498,Dragon Tail,Crunch,Earthquake,5,8,20,100000
Cresselia,94.9,488,psychic,none,120,207.9,208,5191239,35.5,2500,Psycho Cut,Grass Knot,Moonblast,6,7,20,100000
Registeel (Shadow),94.7,379,steel,none,122.8,242.2,171,5086235,49,2500,Lock On,Focus Blast,Zap Cannon,15,16,20,100000
Cobalion,94.1,638,steel,fighting,146.2,179.3,163,4272667,30.5,2500,Double Kick,Sacred Sword,Stone Edge,3,5,20,100000
Regirock,93.5,377,rock,none,133.9,237.1,146,4634630,30,2494,Lock On,Stone Edge,Focus Blast,11,15,20,100000
Swampert (Shadow),93.2,260,water,ground,158.5,140.7,176,3927038,31.5,2497,Mud Shot,Hydro Cannon,Earthquake,5,8,3,10000
Giratina (Altered),92.9,487,ghost,dragon,133.8,165.3,209,4623396,27.5,2489,Shadow Claw,Dragon Claw,Shadow Sneak,5,6,20,100000
Swampert,92.9,260,water,ground,158.5,140.7,176,3927038,31.5,2497,Mud Shot,Hydro Cannon,Earthquake,5,8,3,10000
Pidgeot,92.8,18,normal,flying,152.1,142,176,3801427,50,2407,Wing Attack,Feather Dance,Brave Bird,7,7,1,10000
Regirock (Shadow),91.8,377,rock,none,133.9,237.1,146,4634630,30,2494,Lock On,Stone Edge,Focus Blast,11,15,20,100000
Virizion,91.8,640,grass,fighting,146.2,179.3,163,4272667,30.5,2500,Double Kick,Leaf Blade,Sacred Sword,3,3,20,100000
Walrein (Shadow),91.3,365,ice,water,146.4,148,197,4269506,38,2500,Powder Snow,Icicle Spear,Earthquake,5,9,3,50000
Steelix (Shadow),91.2,208,steel,ground,127,237.5,162,4887002,48,2497,Dragon Tail,Psychic Fangs,Crunch,4,5,5,75000
Gliscor (Shadow),91,472,ground,flying,148.8,185.8,151,4176599,39.5,2494,Wing Attack,Night Slash,Earthquake,5,9,5,75000
Aurorus,90.9,699,rock,ice,147.1,134.8,214,4244259,36.5,2499,Powder Snow,Weather Ball (Ice),Meteor Beam,5,8,5,75000
Tapu Fini,90.9,788,water,fairy,148.1,201.8,141,4214757,36,2500,Water Gun,Surf,Moonblast,14,20,20,100000
Steelix,90.8,208,steel,ground,127,237.5,162,4887002,48,2497,Dragon Tail,Psychic Fangs,Crunch,4,5,5,75000
Walrein,90.8,365,ice,water,146.4,148,197,4269506,38,2500,Powder Snow,Icicle Spear,Earthquake,5,9,3,50000
Dubwool,90.6,832,normal,none,146.2,179,160,4187141,50,2478,Double Kick,Body Slam,Payback,3,5,3,10000
Charizard,90.2,6,fire,flying,172.3,139,151,3617527,34,2497,Wing Attack,Blast Burn,Dragon Claw,7,5,3,10000
Guzzlord,90.1,799,dark,dragon,146.2,86.1,339,4265717,35,2499,Dragon Tail,Dragon Claw,Crunch,4,5,20,100000
Jellicent,90.1,593,water,ghost,141.5,158,197,4404417,46.5,2499,Hex,Surf,Shadow Ball,4,5,3,50000
Poliwrath,90,62,water,fighting,149.3,157.3,177,4158735,42.5,2494,Counter,Ice Punch,Scald,6,8,3,50000
Poliwrath (Shadow),89.8,62,water,fighting,149.3,157.3,177,4158735,42.5,2494,Counter,Ice Punch,Scald,6,8,3,50000
Buzzwole,89.6,794,bug,fighting,166.4,142.4,158,3743017,26.5,2497,Counter,Superpower,Lunge,6,7,20,100000
Gliscor,89.6,472,ground,flying,148.8,185.8,151,4176599,39.5,2494,Wing Attack,Night Slash,Earthquake,5,9,5,75000
Stunfisk (Galarian),89.4,618,ground,steel,133.6,156.3,214,4468817,50,2445,Mud Shot,Rock Slide,Earthquake,5,8,5,75000
Scrafty,89.3,560,dark,fighting,146.2,196.3,148,4246710,49,2497,Counter,Foul Play,Power-Up Punch,7,5,3,50000
Meganium (Shadow),89,154,grass,none,144.1,179.1,168,4333903,48.5,2500,Vine Whip,Frenzy Plant,Earthquake,6,9,3,10000
Golisopod,88.9,768,bug,water,161.1,171.2,140,3861521,29.5,2500,Shadow Claw,X-Scissor,Liquidation,5,6,1,10000
Clefable,88.8,36,fairy,none,151.1,143.6,190,4124214,48,2497,Fairy Wind,Moonblast,Meteor Mash,7,6,1,10000
Greninja,88.5,658,water,dark,179.7,129.5,149,3466117,39,2496,Water Shuriken,Hydro Cannon,Night Slash,3,3,3,10000
Kyurem,88.3,646,dragon,ice,170.3,121.2,177,3654583,26,2495,Dragon Breath,Glaciate,Dragon Claw,14,12,20,100000
Abomasnow (Shadow),88,460,grass,ice,152.9,143.7,185,4062901,49,2495,Powder Snow,Weather Ball (Ice),Energy Ball,5,7,3,50000
Regice,88,378,ice,none,133.9,237.1,146,4634630,30,2494,Lock On,Thunder,Blizzard,12,15,20,100000
Zapdos (Shadow),88,145,electric,flying,175.7,134.9,149,3531634,26,2498,Thunder Shock,Drill Peck,Thunderbolt,5,7,20,100000
Trevenant,87.9,709,ghost,grass,165.7,133.7,170,3763929,42,2500,Shadow Claw,Shadow Ball,Seed Bomb,7,6,5,75000
Ninetales (Alolan) (Shadow),87.8,38,ice,fairy,151.5,171.4,158,4101411,47.5,2500,Powder Snow,Weather Ball (Ice),Dazzling Gleam,5,9,3,50000
Dragonite (Shadow),87.7,149,dragon,flying,176,138.1,145,3524817,24,2499,Dragon Breath,Dragon Claw,Superpower,12,14,5,75000
Florges,87.7,671,fairy,none,155.5,180.4,143,4011420,28.5,2500,Fairy Wind,Disarming Voice,Moonblast,5,7,3,50000
Politoed,87.7,186,water,none,147.2,158.7,181,4227183,45.5,2498,Mud Shot,Weather Ball (Water),Blizzard,4,9,3,50000
Sandslash (Alolan) (Shadow),87.7,28,ice,steel,150.3,174.4,158,4140235,48,2499,Shadow Claw,Ice Punch,Drill Run,5,6,3,50000
Charizard (Shadow),87.6,6,fire,flying,172.3,139,151,3617527,34,2497,Wing Attack,Blast Burn,Dragon Claw,7,5,3,10000
Deoxys (Defense),87.5,386,psychic,none,130.2,288.2,126,4730043,50,2490,Counter,Psycho Boost,Rock Slide,5,7,20,100000
Pelipper,87.5,279,water,flying,159.7,158.8,142,3600580,50,2404,Wing Attack,Weather Ball (Water),Hurricane,5,9,3,50000
Abomasnow,87.4,460,grass,ice,152.9,143.7,185,4062901,49,2495,Powder Snow,Weather Ball (Ice),Energy Ball,5,7,3,50000
Cofagrigus,87.2,563,ghost,none,146.2,209.7,138,4229372,49,2492,Shadow Claw,Shadow Ball,Dark Pulse,7,7,3,50000
Talonflame,87.1,663,fire,flying,160.5,142.9,168,3851770,50,2493,Incinerate,Brave Bird,Flame Charge,3,3,1,10000
Blastoise,87,9,water,none,144.4,182.1,164,4311763,46,2495,Water Gun,Hydro Cannon,Ice Beam,14,19,3,10000
Giratina (Origin),87,487,ghost,dragon,153,134.3,197,4045432,25,2487,Shadow Claw,Shadow Ball,Dragon Pulse,7,8,20,100000
Obstagoon,86.9,862,dark,normal,146.7,164.9,176,4256762,40.5,2498,Counter,Night Slash,Cross Chop,5,5,3,10000
Machamp (Shadow),86.7,68,fighting,none,174.1,126.6,161,3549074,30,2491,Counter,Cross Chop,Payback,5,9,3,50000
Weezing (Galarian),86.7,110,poison,fairy,154.9,175.7,147,4001272,48.5,2493,Fairy Wind,Brutal Swing,Play Rough,5,7,3,50000
Kommo-o,86.6,784,dragon,fighting,160.4,176.5,137,3879949,27.5,2497,Dragon Tail,Close Combat,Dragon Claw,5,4,5,75000
Mandibuzz,86.6,630,dark,flying,121,184.9,215,4809416,50,2417,Snarl,Foul Play,Aerial Ace,4,4,5,75000
Venusaur (Shadow),86.6,3,grass,poison,158.5,155.4,160,3939799,39,2499,Vine Whip,Frenzy Plant,Sludge Bomb,6,7,3,10000
Meganium,86.5,154,grass,none,144.1,179.1,168,4333903,48.5,2500,Vine Whip,Frenzy Plant,Earthquake,6,9,3,10000
Sandslash (Alolan),86.5,28,ice,steel,150.3,174.4,158,4140235,48,2499,Shadow Claw,Ice Punch,Drill Run,5,6,3,50000
Genesect (Shock),86.4,649,bug,steel,181.9,147.2,127,3398909,27,2493,Fury Cutter,X-Scissor,Techno Blast (Shock),9,14,20,100000
Lucario,86.4,448,fighting,steel,186.9,123.1,144,3313071,38,2496,Counter,Power-Up Punch,Shadow Ball,5,8,5,75000
Moltres,86.4,146,fire,flying,176.7,134.8,148,3525574,26.5,2500,Wing Attack,Sky Attack,Overheat,6,7,20,100000
Politoed (Shadow),86.4,186,water,none,147.2,158.7,181,4227183,45.5,2498,Mud Shot,Weather Ball (Water),Blizzard,4,9,3,50000
Venusaur,86.4,3,grass,poison,158.5,155.4,160,3939799,39,2499,Vine Whip,Frenzy Plant,Sludge Bomb,6,7,3,10000
Nidoqueen (Shadow),86.3,31,poison,ground,151.8,152.6,178,4121450,46,2500,Poison Jab,Poison Fang,Earth Power,6,8,3,50000
Tentacruel,86.3,73,water,poison,141.2,185.2,168,4390693,48,2493,Poison Jab,Scald,Blizzard,8,11,3,50000
Escavalier,86.2,589,bug,steel,172.3,151.1,139,3619610,34,2497,Counter,Megahorn,Drill Run,8,7,3,50000
Miltank,86.2,241,normal,none,136.1,173.1,193,4547873,50,2489,Rollout,Body Slam,Ice Beam,3,5,5,75000
Articuno,86,144,ice,flying,144.6,184.4,161,4294013,31,2496,Ice Shard,Icy Wind,Ancient Power,5,5,20,100000
Greedent,85.9,820,normal,none,138.6,142.9,227,4496012,50,2500,Bullet Seed,Body Slam,Crunch,3,4,1,10000
Galvantula (Shadow),85.7,596,bug,electric,181.5,120.2,157,3424193,50,2494,Volt Switch,Discharge,Lunge,3,3,3,50000
Mantine,85.6,226,water,flying,137,202.5,149,4132945,50,2383,Wing Attack,Bubble Beam,Ice Beam,5,7,5,75000
Dragonite,85.5,149,dragon,flying,176,138.1,145,3524817,24,2499,Dragon Breath,Dragon Claw,Superpower,12,14,5,75000
Lapras (Shadow),85.5,131,water,ice,134.8,147.6,232,4616775,41.5,2500,Ice Shard,Surf,Ice Beam,4,6,5,75000
Nidoqueen,85.5,31,poison,ground,151.8,152.6,178,4121450,46,2500,Poison Jab,Poison Fang,Earth Power,6,8,3,50000
Lapras,85.4,131,water,ice,134.8,147.6,232,4616775,41.5,2500,Ice Shard,Surf,Ice Beam,4,6,5,75000
Lanturn,85.3,171,water,electric,135.3,127.7,237,4095308,50,2357,Spark,Surf,Thunderbolt,5,7,3,50000
Toxicroak,85.3,454,poison,fighting,175.8,119.9,168,3542602,44,2499,Counter,Mud Bomb,Sludge Bomb,6,8,3,50000
Gengar,85.2,94,ghost,poison,200.3,120.9,128,3099260,34,2495,Shadow Claw,Shadow Ball,Shadow Punch,7,5,3,50000
Moltres (Galarian),85.2,146,dark,flying,149.5,172.7,161,4155616,29.5,2492,Wing Attack,Ancient Power,Payback,6,8,20,100000
Ninetales (Alolan),85.2,38,ice,fairy,151.5,171.4,158,4101411,47.5,2500,Powder Snow,Weather Ball (Ice),Dazzling Gleam,5,9,3,50000
Runerigus,85.2,867,ground,ghost,146.2,209.7,138,4229372,49,2492,Shadow Claw,Sand Tomb,Shadow Ball,5,7,3,50000
Sneasler,85.1,903,fighting,poison,189,121.2,144,3299456,28.5,2497,Shadow Claw,Close Combat,X-Scissor,6,5,5,75000
Lickilicky,85,463,normal,none,136.6,159.8,209,4560814,47.5,2498,Lick,Body Slam,Shadow Ball,12,19,3,50000
Machamp,85,68,fighting,none,174.1,126.6,161,3549074,30,2491,Counter,Cross Chop,Payback,5,9,3,50000
Regice (Shadow),85,378,ice,none,133.9,237.1,146,4634630,30,2494,Lock On,Thunder,Blizzard,12,15,20,100000
Chesnaught,84.9,652,grass,fighting,153.1,162.1,163,4043784,32.5,2492,Vine Whip,Frenzy Plant,Superpower,6,5,3,10000
Noctowl,84.8,164,normal,flying,134.4,143.7,201,3883121,50,2288,Wing Attack,Sky Attack,Shadow Ball,6,7,1,10000
Serperior,84.8,497,grass,none,144.9,182.6,162,4288468,49.5,2497,Vine Whip,Frenzy Plant,Aerial Ace,6,6,3,10000
Heracross,84.7,214,bug,fighting,174.1,138.6,148,3571673,29.5,2500,Counter,Rock Blast,Megahorn,6,8,3,50000
Stunfisk,84.7,618,ground,electric,133.6,156.3,214,4468817,50,2445,Thunder Shock,Mud Bomb,Discharge,5,5,5,75000
Umbreon,84.7,197,dark,none,118.5,214.3,194,4925267,50,2416,Snarl,Foul Play,Last Resort,4,5,5,75000
Drapion (Shadow),84.6,452,poison,dark,152.7,177.4,151,4090824,47,2499,Poison Sting,Crunch,Aqua Tail,5,4,5,75000
Genesect (Chill),84.6,649,bug,steel,181.9,147.2,127,3398909,27,2493,Fury Cutter,Techno Blast (Chill),X-Scissor,14,9,20,100000
Raikou,84.5,243,electric,none,170.1,141.6,152,3660484,27,2500,Volt Switch,Wild Charge,Shadow Ball,3,4,20,100000
Zapdos,84.4,145,electric,flying,175.7,134.9,149,3531634,26,2498,Thunder Shock,Drill Peck,Thunderbolt,5,7,20,100000
Genesect (Douse),84.3,649,bug,steel,181.9,147.2,127,3398909,27,2493,Fury Cutter,X-Scissor,Techno Blast (Douse),9,14,20,100000
Gyarados (Shadow),84.3,130,water,flying,167.3,139.5,158,3687813,27,2485,Dragon Breath,Aqua Tail,Crunch,12,15,1,10000
Sirfetch'd,84.3,865,fighting,none,187.4,139.4,127,3318491,31,2499,Counter,Leaf Blade,Night Slash,5,5,3,50000
Skarmory,84.3,227,steel,flying,137,202.5,149,4132945,50,2383,Air Slash,Brave Bird,Sky Attack,7,5,5,75000
Skuntank (Shadow),84.3,435,poison,dark,157.5,122.3,204,3930298,49.5,2490,Poison Jab,Crunch,Sludge Bomb,7,8,3,50000
Mewtwo (Armored),84.2,150,psychic,none,135,208.2,164,4608972,29.5,2499,Confusion,Psystrike,Dynamic Punch,4,5,20,100000
Passimian,84.2,766,fighting,none,166.7,127.6,175,3724208,31,2496,Counter,Close Combat,Brick Break,7,5,3,75000
Snorlax (Shadow),84.2,143,normal,none,139.1,131.2,244,4452740,28.5,2491,Lick,Body Slam,Earthquake,12,22,5,75000
Skuntank,84,435,poison,dark,157.5,122.3,204,3930298,49.5,2490,Poison Jab,Crunch,Sludge Bomb,7,8,3,50000
Hariyama,83.9,297,fighting,none,163.6,97.1,240,3812132,35.5,2497,Counter,Close Combat,Heavy Slam,7,8,3,50000
Primeape,83.9,57,fighting,none,182.4,125.8,148,3394440,48.5,2490,Counter,Night Slash,Close Combat,5,7,3,50000
Dragalge,83.8,691,poison,dragon,150.7,184.9,147,4096701,48.5,2488,Dragon Tail,Aqua Tail,Outrage,4,7,3,50000
Falinks,83.8,870,fighting,none,166.2,154.5,146,3750271,49,2498,Counter,Superpower,Megahorn,6,8,5,75000
Ferrothorn,83.8,598,grass,steel,141.2,195.1,160,4406632,48,2495,Bullet Seed,Power Whip,Flash Cannon,4,6,3,75000
Overqwil,83.8,904,dark,poison,170.1,140,154,3667917,33.5,2500,Poison Jab,Aqua Tail,Shadow Ball,5,8,5,75000
Blastoise (Shadow),83.7,9,water,none,144.4,182.1,164,4311763,46,2495,Water Gun,Hydro Cannon,Ice Beam,14,19,3,10000
Perrserker,83.7,863,steel,none,167.2,147.1,152,3737692,50,2500,Shadow Claw,Close Combat,Foul Play,6,6,3,50000
Excadrill,83.6,530,ground,steel,183.8,101.1,181,3362672,28,2490,Mud Shot,Drill Run,Rock Slide,5,5,3,50000
Galvantula,83.6,596,bug,electric,181.5,120.2,157,3424193,50,2494,Volt Switch,Discharge,Lunge,3,3,3,50000
Haxorus,83.6,612,dragon,none,195.6,126.1,129,3183455,25.5,2500,Counter,Breaking Swipe,Night Slash,5,5,5,75000
Cradily,83.5,346,rock,grass,140.3,175.6,180,4436127,50,2499,Bullet Seed,Stone Edge,Grass Knot,5,4,3,50000
Ninetales (Shadow),83.5,38,fire,none,151.6,170.1,159,4100684,49.5,2495,Ember,Weather Ball (Fire),Overheat,6,10,3,50000
Snorlax,83.5,143,normal,none,139.1,131.2,244,4452740,28.5,2491,Lick,Body Slam,Earthquake,12,22,5,75000
Altaria,83.4,334,dragon,flying,131.1,181.5,164,3902033,50,2266,Dragon Breath,Sky Attack,Moonblast,15,20,1,10000
Zapdos (Galarian),83.4,145,fighting,flying,174.4,136.9,149,3557352,26,2492,Counter,Ancient Power,Brave Bird,7,8,20,100000
Blaziken (Shadow),83.2,257,fire,fighting,184.4,117.9,154,3347475,34,2485,Counter,Blaze Kick,Stone Edge,6,8,3,10000
Flygon (Shadow),83.2,330,ground,dragon,165.7,141.9,160,3762278,40.5,2497,Dragon Tail,Dragon Claw,Earth Power,4,7,5,75000
Hitmonchan,83.2,107,fighting,none,169.2,173.3,125,3665277,47,2494,Counter,Close Combat,Ice Punch,7,6,5,75000
Whiscash,83.2,340,water,ground,139.5,131.1,215,3931334,50,2346,Mud Shot,Mud Bomb,Blizzard,5,9,1,10000
Drapion,83.1,452,poison,dark,152.7,177.4,151,4090824,47,2499,Poison Sting,Crunch,Aqua Tail,5,4,5,75000
Gyarados,83,130,water,flying,167.3,139.5,158,3687813,27,2485,Dragon Breath,Aqua Tail,Crunch,12,15,1,10000
Magnezone (Shadow),83,462,electric,steel,174.6,154.8,132,3567891,28,2497,Spark,Wild Charge,Mirror Shot,6,5,3,50000
Hitmontop,82.8,237,fighting,none,158,186.5,127,3742685,50,2438,Counter,Close Combat,Stone Edge,7,8,5,75000
Luxray (Shadow),82.7,405,electric,none,179.1,126.2,154,3480709,34,2498,Spark,Wild Charge,Psychic Fangs,6,5,5,75000
Victini,82.7,494,psychic,fire,155.5,154.8,166,3996896,27.5,2493,Quick Attack,V-Create,Psychic,5,7,20,100000
Articuno (Shadow),82.6,144,ice,flying,144.6,184.4,161,4294013,31,2496,Ice Shard,Icy Wind,Ancient Power,5,5,20,100000
Hitmonchan (Shadow),82.4,107,fighting,none,169.2,173.3,125,3665277,47,2494,Counter,Close Combat,Ice Punch,7,6,5,75000
Muk,82.4,89,poison,none,150,144.6,190,4120648,37,2492,Poison Jab,Thunder Punch,Dark Pulse,6,8,3,50000
Zangoose,82.4,335,normal,none,187.3,112.2,158,3322351,47,2498,Shadow Claw,Close Combat,Night Slash,6,5,3,50000
Rayquaza,82.3,384,dragon,flying,189.1,118.5,147,3293272,24,2497,Dragon Tail,Breaking Swipe,Dragon Ascent,4,8,20,100000
Blaziken,82.2,257,fire,fighting,184.4,117.9,154,3347475,34,2485,Counter,Blaze Kick,Stone Edge,6,8,3,10000
Mew,82.2,151,psychic,none,155.5,154.8,166,3996896,27.5,2493,Shadow Claw,Dragon Claw,Wild Charge,5,6,20,100000
Muk (Shadow),82.2,89,poison,none,150,144.6,190,4120648,37,2492,Poison Jab,Dark Pulse,Thunder Punch,8,6,3,50000
Raikou (Shadow),82.2,243,electric,none,170.1,141.6,152,3660484,27,2500,Volt Switch,Wild Charge,Shadow Ball,3,4,20,100000
Roserade,82.2,407,grass,poison,183.7,148,124,3371877,32,2491,Poison Jab,Weather Ball (Fire),Grass Knot,5,8,3,50000
Cradily (Shadow),82.1,346,rock,grass,140.3,175.6,180,4436127,50,2499,Bullet Seed,Grass Knot,Stone Edge,4,5,3,50000
Zygarde (50% Forme),82.1,718,dragon,ground,143.7,170.8,175,4293804,27,2488,Dragon Tail,Crunch,Earthquake,5,8,20,100000
Milotic,82,350,water,none,145.8,174,168,4262665,32,2493,Dragon Tail,Surf,Blizzard,5,9,5,75000
Ninetales,82,38,fire,none,151.6,170.1,159,4100684,49.5,2495,Fire Spin,Weather Ball (Fire),Overheat,4,6,3,50000
Tangrowth,82,465,grass,none,156.5,146.2,174,3981535,30.5,2497,Vine Whip,Power Whip,Rock Slide,7,6,3,50000
Tangrowth (Shadow),81.9,465,grass,none,156.5,146.2,174,3981535,30.5,2497,Vine Whip,Power Whip,Rock Slide,7,6,3,50000
Zebstrika (Shadow),81.9,523,electric,none,178,125,157,3492769,47.5,2495,Spark,Wild Charge,Flame Charge,6,7,3,50000
Crustle,81.8,558,bug,rock,154.6,172.3,150,3996885,43,2490,Fury Cutter,Rock Slide,X-Scissor,12,9,1,10000
Forretress,81.8,205,bug,steel,145.4,182.3,162,4294273,50,2499,Bug Bite,Earthquake,Mirror Shot,22,12,5,75000
Lugia,81.8,249,psychic,flying,132.3,213.7,166,4692350,25,2493,Dragon Tail,Sky Attack,Aeroblast,5,9,20,100000
Lurantis,81.8,754,grass,none,163.6,151.9,153,3802584,48,2498,Leafage,Leaf Blade,Superpower,5,6,3,50000
Pinsir (Shadow),81.8,127,bug,none,180.8,145.2,131,3437971,31.5,2500,Fury Cutter,Close Combat,X-Scissor,12,9,5,75000
Scolipede,81.8,545,bug,poison,170.6,155.9,137,3643199,46,2500,Poison Jab,X-Scissor,Megahorn,5,8,1,10000
Bewear,81.7,760,normal,fighting,168.3,111.7,197,3705444,29.5,2499,Shadow Claw,Superpower,Payback,5,8,1,10000
Drifblim (Shadow),81.7,426,ghost,flying,154.5,96.1,272,4037602,49,2499,Hex,Shadow Ball,Icy Wind,5,4,5,75000
Electivire (Shadow),81.7,466,electric,none,185.1,130.2,139,3351363,30,2490,Thunder Shock,Wild Charge,Ice Punch,5,5,5,75000
Seaking,81.7,119,water,none,159.7,136.1,172,3738228,50,2444,Poison Jab,Drill Run,Icy Wind,7,7,3,50000
Shiftry (Shadow),81.6,275,grass,dark,174.7,111.6,182,3547605,46,2490,Snarl,Leaf Blade,Foul Play,3,4,3,50000
Sceptile (Shadow),81.5,254,grass,none,175.5,140.7,143,3531846,37,2490,Bullet Seed,Leaf Blade,Earthquake,3,5,3,10000
Sudowoodo,81.5,185,rock,none,152.9,160.5,157,3853658,50,2428,Counter,Meteor Beam,Rock Slide,9,7,5,75000
Skarmory (Shadow),81.4,227,steel,flying,137,202.5,149,4132945,50,2383,Air Slash,Brave Bird,Sky Attack,7,5,5,75000
Piloswine,81.3,221,ice,ground,159.8,124.2,197,3908135,47.5,2498,Powder Snow,Avalanche,Stone Edge,6,7,3,50000
Zekrom,81.3,644,dragon,electric,178.7,140.3,139,3485851,23,2496,Dragon Breath,Crunch,Wild Charge,15,15,20,100000
Piloswine (Shadow),81.2,221,ice,ground,159.8,124.2,197,3908135,47.5,2498,Powder Snow,Avalanche,Stone Edge,6,7,3,50000
Slowbro (Galarian),81.2,80,poison,psychic,153.4,140.3,188,4045209,46,2495,Poison Jab,Surf,Psychic,6,8,3,50000
Honchkrow (Shadow),81.1,430,dark,flying,193.3,91.2,183,3227317,37,2499,Snarl,Brave Bird,Sky Attack,5,4,3,50000
Terrakion,81,639,rock,fighting,175.9,136.2,147,3521739,24.5,2492,Double Kick,Sacred Sword,Rock Slide,3,4,20,100000
Melmetal,80.9,809,steel,none,156.5,137.6,185,3984366,25.5,2500,Thunder Shock,Rock Slide,Superpower,5,5,20,100000
Flygon,80.8,330,ground,dragon,165.7,141.9,160,3762278,40.5,2497,Dragon Tail,Dragon Claw,Earth Power,4,7,5,75000
Magneton (Shadow),80.8,82,electric,steel,185.3,149.6,121,3353587,44.5,2494,Thunder Shock,Magnet Bomb,Discharge,5,5,3,50000
Hariyama (Shadow),80.6,297,fighting,none,163.6,97.1,240,3812132,35.5,2497,Counter,Close Combat,Heavy Slam,7,8,3,50000
Malamar,80.6,687,dark,psychic,152.9,150.4,177,4071612,50,2497,Psycho Cut,Foul Play,Superpower,5,5,3,50000
Sylveon,80.6,700,fairy,none,152.1,161.6,166,4081029,30.5,2497,Charm,Moonblast,Psyshock,10,8,5,75000
Dewgong,80.5,87,water,ice,129.4,161.3,186,3883324,50,2245,Ice Shard,Icy Wind,Drill Run,5,5,3,50000
Hitmontop (Shadow),80.5,237,fighting,none,158,186.5,127,3742685,50,2438,Counter,Close Combat,Stone Edge,7,8,5,75000
Drifblim,80.4,426,ghost,flying,154.5,96.1,272,4037602,49,2499,Hex,Shadow Ball,Icy Wind,5,4,5,75000
Muk (Alolan),80.4,89,poison,dark,150,144.6,190,4120648,37,2492,Poison Jab,Dark Pulse,Acid Spray,8,7,3,50000
Shiftry,80.4,275,grass,dark,174.7,111.6,182,3547605,46,2490,Snarl,Leaf Blade,Foul Play,3,4,3,50000
Bellossom,80.3,182,grass,none,152.1,166.4,162,4099468,50,2498,Bullet Seed,Leaf Blade,Return,3,6,3,50000
Hawlucha,80.3,701,fighting,flying,164.2,138.7,165,3757249,47,2490,Poison Jab,Flying Press,Aerial Ace,6,7,5,75000
Relicanth,80.3,369,water,rock,135.7,177.2,191,4593861,44.5,2497,Water Gun,Aqua Tail,Ancient Power,12,15,5,75000
Bellossom (Shadow),80.1,182,grass,none,152.1,166.4,162,4099468,50,2498,Bullet Seed,Leaf Blade,Dazzling Gleam,3,6,3,50000
Lugia (Shadow),80.1,249,psychic,flying,132.3,213.7,166,4692350,25,2493,Dragon Tail,Sky Attack,Aeroblast,5,9,20,100000
Ampharos (Shadow),80,181,electric,none,164.4,140.7,164,3791746,35.5,2499,Volt Switch,Brutal Swing,Thunder Punch,3,3,5,75000
Empoleon,80,395,water,steel,161.2,150.7,158,3838286,33,2488,Waterfall,Hydro Cannon,Drill Peck,5,5,3,10000
Quagsire,80,195,water,ground,140.3,132.8,194,3614465,50,2252,Mud Shot,Mud Bomb,Stone Edge,5,7,3,50000
Electrode (Hisuian),79.9,101,electric,grass,160.5,160.5,142,3657833,50,2430,Thunder Shock,Wild Charge,Energy Ball,5,7,3,50000
Muk (Alolan) (Shadow),79.9,89,poison,dark,150,144.6,190,4120648,37,2492,Poison Jab,Dark Pulse,Acid Spray,8,7,3,50000
Electivire,79.8,466,electric,none,185.1,130.2,139,3351363,30,2490,Thunder Shock,Wild Charge,Ice Punch,5,5,5,75000
Qwilfish (Hisuian),79.8,211,dark,poison,167.2,139.5,149,3475491,50,2415,Poison Jab,Aqua Tail,Shadow Ball,5,8,3,50000
Honchkrow,79.6,430,dark,flying,193.3,91.2,183,3227317,37,2499,Snarl,Brave Bird,Sky Attack,5,4,3,50000
Quagsire (Shadow),79.6,195,water,ground,140.3,132.8,194,3614465,50,2252,Mud Shot,Mud Bomb,Stone Edge,5,7,3,50000
Slowking,79.6,199,water,psychic,147.4,154.6,186,4238192,43,2499,Water Gun,Surf,Psychic,14,19,3,50000
Typhlosion,79.6,157,fire,none,172.3,139,151,3617527,34,2497,Shadow Claw,Blast Burn,Solar Beam,7,10,3,10000
Avalugg,79.5,713,ice,none,144.8,181.1,164,4300893,28.5,2500,Ice Fang,Avalanche,Body Slam,9,7,3,50000
Typhlosion (Shadow),79.5,157,fire,none,172.3,139,151,3617527,34,2497,Shadow Claw,Blast Burn,Solar Beam,7,10,3,10000
Aromatisse,79.4,683,fairy,none,153.4,135.3,196,4069369,46,2498,Charm,Moonblast,Thunderbolt,10,10,3,50000
Genesect,79.4,649,bug,steel,181.9,147.2,127,3398909,27,2493,Fury Cutter,X-Scissor,Techno Blast (Normal),9,14,20,100000
Donphan,79.2,232,ground,none,161.5,145.2,164,3845399,31.5,2495,Counter,Body Slam,Earthquake,5,10,3,50000
Forretress (Shadow),79.2,205,bug,steel,145.4,182.3,162,4294273,50,2499,Bug Bite,Mirror Shot,Heavy Slam,12,17,5,75000
Golem (Alolan) (Shadow),79.1,76,rock,electric,162.1,155.3,153,3851246,32.5,2498,Volt Switch,Stone Edge,Rock Blast,4,3,1,10000
Magnezone,79.1,462,electric,steel,174.6,154.8,132,3567891,28,2497,Spark,Wild Charge,Mirror Shot,6,5,3,50000
Alomomola,79,594,water,none,128.6,122.7,296,4668794,50,2452,Waterfall,Psychic,Hydro Pump,7,10,5,75000
Druddigon,79,621,dragon,none,169,144.1,151,3677971,38,2500,Dragon Tail,Dragon Claw,Night Slash,4,4,5,75000
Heatran,79,485,fire,steel,168.6,150.1,145,3669653,24.5,2491,Fire Spin,Magma Storm,Stone Edge,4,6,20,100000
Sudowoodo (Shadow),79,185,rock,none,152.9,160.5,157,3853658,50,2428,Counter,Meteor Beam,Rock Slide,9,7,5,75000
Moltres (Shadow),78.9,146,fire,flying,176.7,134.8,148,3525574,26.5,2500,Wing Attack,Sky Attack,Ancient Power,6,6,20,100000
Pangoro,78.9,675,fighting,dark,172.4,120.7,172,3580370,33,2488,Snarl,Close Combat,Night Slash,4,3,3,50000
Barbaracle,78.8,689,rock,water,155.9,172.5,148,3979633,39.5,2497,Fury Cutter,Stone Edge,Cross Chop,14,9,3,50000
Porygon2,78.8,233,normal,none,158.5,148.3,167,3925249,39,2495,Lock On,Tri Attack,Zap Cannon,10,16,3,50000
Slurpuff,78.8,685,fairy,none,153.8,149.6,174,4002111,50,2486,Fairy Wind,Flamethrower,Play Rough,7,7,3,50000
Sceptile,78.7,254,grass,none,175.5,140.7,143,3531846,37,2490,Bullet Seed,Leaf Blade,Earthquake,3,5,3,10000
Vaporeon,78.7,134,water,none,153.1,127.7,208,4066528,29.5,2500,Water Gun,Aqua Tail,Liquidation,12,15,5,75000
Zebstrika,78.7,523,electric,none,178,125,157,3492769,47.5,2495,Spark,Wild Charge,Flame Charge,6,7,3,50000
Golbat (Shadow),78.6,42,poison,flying,147.9,138.6,164,3362863,50,2234,Wing Attack,Poison Fang,Shadow Ball,5,7,1,10000
Golem (Alolan),78.6,76,rock,electric,162.1,155.3,153,3851246,32.5,2498,Volt Switch,Rock Blast,Stone Edge,3,4,1,10000
Slowbro,78.4,80,water,psychic,147.4,154.6,186,4238192,43,2499,Water Gun,Surf,Ice Beam,14,19,3,50000
Celesteela,78.3,797,steel,flying,155,157.2,165,4022062,30.5,2499,Air Slash,Body Slam,Bulldoze,4,7,20,100000
Samurott,78.3,503,water,none,165.1,130,175,3755605,35.5,2496,Fury Cutter,Hydro Cannon,Razor Shell,10,9,3,10000
Sneasel (Hisuian),78.3,215,fighting,poison,171.4,135.3,135,3130823,50,2319,Poison Jab,Close Combat,X-Scissor,7,5,3,50000
Gallade,78.2,475,psychic,fighting,177,149.5,133,3519444,29.5,2500,Confusion,Close Combat,Leaf Blade,4,3,5,75000
Ho-Oh,78.2,250,fire,flying,158,167.1,148,3907144,23.5,2487,Incinerate,Brave Bird,Sacred Fire,3,4,20,100000
Mamoswine (Shadow),78.2,473,ice,ground,177.2,111.4,178,3514043,27.5,2500,Powder Snow,Avalanche,High Horsepower,6,8,3,50000
Oranguru,78.2,765,normal,psychic,142,170,181,4368154,47,2494,Confusion,Foul Play,Future Sight,4,6,3,75000
Raichu,78.2,26,electric,none,174.8,139.5,142,3462012,50,2467,Volt Switch,Wild Charge,Thunder Punch,3,3,1,10000
Togekiss,78.2,468,fairy,flying,161.9,160.5,148,3844321,28,2498,Charm,Ancient Power,Aura Sphere,8,10,3,50000
Mamoswine,78.1,473,ice,ground,177.2,111.4,178,3514043,27.5,2500,Powder Snow,Avalanche,High Horsepower,6,8,3,50000
Pinsir,78.1,127,bug,none,180.8,145.2,131,3437971,31.5,2500,Fury Cutter,Close Combat,X-Scissor,12,9,5,75000
Whimsicott,78.1,547,grass,fairy,150.4,160.5,142,3428021,50,2277,Fairy Wind,Moonblast,Grass Knot,7,6,1,10000
Magneton,77.9,82,electric,steel,185.3,149.6,121,3353587,44.5,2494,Thunder Shock,Magnet Bomb,Discharge,5,5,3,50000
Ampharos,77.8,181,electric,none,164.4,140.7,164,3791746,35.5,2499,Volt Switch,Brutal Swing,Thunder Punch,3,3,5,75000
Magmortar (Shadow),77.8,467,fire,none,182.1,132.8,141,3409646,29.5,2496,Karate Chop,Fire Punch,Thunderbolt,5,7,5,75000
Raichu (Alolan),77.8,26,electric,psychic,178.2,139.1,141,3494900,48.5,2500,Volt Switch,Wild Charge,Thunder Punch,3,3,1,10000
Banette,77.7,354,ghost,none,189.9,118.5,146,3285104,50,2499,Shadow Claw,Shadow Ball,Thunder,7,8,3,50000
Golbat,77.7,42,poison,flying,147.9,138.6,164,3362863,50,2234,Wing Attack,Poison Fang,Shadow Ball,5,7,1,10000
Gourgeist (Super),77.7,711,ghost,grass,147.5,170.5,167,4197585,40.5,2490,Hex,Shadow Ball,Seed Bomb,5,4,5,75000
Granbull (Shadow),77.6,210,fairy,none,173.7,116.8,176,3571337,42,2490,Charm,Close Combat,Crunch,8,8,3,50000
Slowking (Shadow),77.6,199,water,psychic,147.4,154.6,186,4238192,43,2499,Water Gun,Surf,Psychic,14,19,3,50000
Togedemaru,77.5,777,electric,steel,172.3,134.4,149,3450872,50,2442,Thunder Shock,Fell Stinger,Wild Charge,4,5,3,50000
Wailord,77.5,321,water,none,157.1,83.2,304,3973920,50,2499,Water Gun,Surf,Blizzard,14,25,1,10000
Electabuzz (Shadow),77.4,125,electric,none,170.9,143.3,149,3648356,49.5,2498,Thunder Shock,Thunder Punch,Thunderbolt,5,7,5,75000
Landorus (Incarnate),77.4,645,ground,flying,179.4,132.9,145,3457683,25.5,2491,Mud Shot,Rock Slide,Earth Power,5,7,20,100000
Latios (Shadow),77.4,381,dragon,psychic,178.7,147.2,132,3472586,24,2492,Dragon Breath,Dragon Claw,Luster Purge,12,20,20,100000
Froslass,77.3,478,ice,ghost,156.3,138.6,157,3402243,50,2306,Powder Snow,Avalanche,Shadow Ball,6,7,3,50000
Gallade (Shadow),77.3,475,psychic,fighting,177,149.5,133,3519444,29.5,2500,Confusion,Close Combat,Leaf Blade,4,3,5,75000
Nihilego,77.3,793,rock,poison,164.5,139.9,165,3796292,23.5,2499,Poison Jab,Rock Slide,Sludge Bomb,7,8,20,100000
Uxie,77.3,480,psychic,none,130.8,233.1,156,4757597,45.5,2496,Confusion,Future Sight,Thunder,6,5,20,100000
Avalugg (Hisuian),77.2,713,ice,rock,152,173.3,156,4108624,26.5,2499,Powder Snow,Rock Slide,Blizzard,6,10,3,50000
Seismitoad,77.2,537,water,ground,154.5,132,197,4018029,42,2495,Mud Shot,Earth Power,Sludge Bomb,7,6,3,50000
Gourgeist (Large),77.1,711,ghost,grass,149.7,174.2,160,4171084,45.5,2500,Hex,Shadow Ball,Seed Bomb,5,4,5,75000
Magmar (Shadow),77.1,126,fire,none,174.4,139.5,146,3551007,48,2489,Karate Chop,Fire Punch,Flamethrower,5,7,5,75000
Primarina,77.1,730,water,fairy,169.8,149.6,144,3658286,29,2497,Charm,Disarming Voice,Psychic,8,10,3,10000
Salazzle,77.1,758,poison,fire,190.3,118.9,145,3282233,46,2500,Incinerate,Poison Fang,Dragon Pulse,2,3,3,50000
Xerneas,77.1,716,fairy,none,169,129.5,169,3699520,23.5,2500,Geomancy,Close Combat,Moonblast,4,5,20,100000
Genesect (Burn),77,649,bug,steel,181.9,147.2,127,3398909,27,2493,Fury Cutter,X-Scissor,Magnet Bomb,9,12,20,100000
Gourgeist (Average),77,711,ghost,grass,149.5,188.8,147,4149195,49,2497,Hex,Shadow Ball,Seed Bomb,5,4,5,75000
Probopass (Shadow),77,476,rock,steel,126,243.7,142,4361605,50,2351,Spark,Rock Slide,Zap Cannon,6,10,3,50000
Bronzong,76.9,437,steel,psychic,145.4,191.6,152,4233439,50,2488,Confusion,Psyshock,Payback,4,5,3,50000
Scizor (Shadow),76.9,212,bug,steel,178.5,142.5,137,3486560,30.5,2498,Bullet Punch,Night Slash,Iron Head,5,8,5,75000
Donphan (Shadow),76.8,232,ground,none,161.5,145.2,164,3845399,31.5,2495,Counter,Body Slam,Earthquake,5,10,3,50000
Hitmonlee,76.7,106,fighting,none,182.7,156.4,119,3399624,41.5,2499,Double Kick,Close Combat,Stone Edge,4,5,5,75000
Palossand,76.7,770,ghost,ground,151.1,155.3,176,4129483,48,2498,Mud Shot,Shadow Ball,Earth Power,7,7,3,50000
Cloyster,76.6,91,water,ice,153.3,216,122,4039842,42.5,2489,Ice Shard,Icy Wind,Hydro Pump,5,8,3,50000
Diancie,76.6,719,rock,fairy,154.6,228.5,114,4026566,35,2497,Rock Throw,Rock Slide,Moonblast,9,12,20,100000
Hitmonlee (Shadow),76.6,106,fighting,none,182.7,156.4,119,3399624,41.5,2499,Double Kick,Close Combat,Stone Edge,4,5,5,75000
Golduck,76.5,55,water,none,161.4,142.4,168,3861243,47.5,2496,Water Gun,Liquidation,Cross Chop,15,12,3,50000
Slowbro (Shadow),76.5,80,water,psychic,147.4,154.6,186,4238192,43,2499,Water Gun,Surf,Ice Beam,14,19,3,50000
Conkeldurr,76.4,534,fighting,none,174.4,119.1,172,3573108,27.5,2498,Counter,Dynamic Punch,Stone Edge,8,8,5,75000
Gastrodon,76.4,423,water,ground,150.2,129.6,213,4145475,47,2499,Mud Slap,Body Slam,Earth Power,5,7,3,50000
Kingdra,76.4,230,water,dragon,156.5,165.2,153,3954457,40,2490,Dragon Breath,Outrage,Octazooka,20,17,3,50000
Staraptor (Shadow),76.4,398,normal,flying,182,117.3,160,3415476,35,2498,Wing Attack,Brave Bird,Close Combat,7,6,1,10000
Darmanitan (Standard),76.2,555,fire,none,193.7,93.6,176,3191384,29.5,2488,Incinerate,Rock Slide,Overheat,3,3,3,50000
Ho-Oh (Shadow),76.2,250,fire,flying,158,167.1,148,3907144,23.5,2487,Incinerate,Brave Bird,Sacred Fire,3,4,20,100000
Hydreigon,76.2,635,dark,dragon,176.1,132.2,152,3538421,25.5,2499,Dragon Breath,Brutal Swing,Flash Cannon,14,24,5,75000
Leavanny,76.2,542,bug,grass,167.5,142.8,155,3708484,41.5,2497,Bug Bite,Leaf Blade,X-Scissor,12,12,1,10000
Zacian (Hero),76.2,888,fairy,none,168.4,162.5,134,3667246,23.5,2485,Snarl,Wild Charge,Close Combat,4,4,20,100000
Sandslash (Shadow),76.1,28,ground,none,155.8,155.8,164,3982487,49.5,2492,Mud Shot,Night Slash,Earthquake,4,8,3,50000
Ursaring (Shadow),76.1,217,normal,none,180.7,118.9,161,3459168,33.5,2500,Shadow Claw,Play Rough,Close Combat,8,6,3,50000
Jirachi,76,385,steel,psychic,155.5,154.8,166,3996896,27.5,2493,Confusion,Doom Desire,Dazzling Gleam,4,6,20,100000
Probopass,75.9,476,rock,steel,126,243.7,142,4361605,50,2351,Spark,Rock Slide,Zap Cannon,6,10,3,50000
Zarude,75.9,893,dark,grass,163.8,147,157,3781239,23.5,2491,Vine Whip,Dark Pulse,Power Whip,7,7,20,100000
Crawdaunt,75.8,342,water,dark,187,126.3,141,3331349,46,2496,Snarl,Night Slash,Crabhammer,3,4,3,50000
Golduck (Shadow),75.8,55,water,none,161.4,142.4,168,3861243,47.5,2496,Water Gun,Liquidation,Cross Chop,15,12,3,50000
Leafeon,75.8,470,grass,none,164.4,173.3,132,3760297,32,2489,Bullet Seed,Leaf Blade,Last Resort,3,5,5,75000
Crobat (Shadow),75.7,169,poison,flying,157.5,149.5,168,3955435,41,2500,Air Slash,Poison Fang,Shadow Ball,5,7,1,10000
Goodra,75.7,706,dragon,none,154.6,173.7,150,4028671,26,2500,Dragon Breath,Muddy Water,Draco Meteor,12,22,5,75000
Weavile (Shadow),75.6,461,dark,ice,183.7,136.1,136,3399317,30,2499,Snarl,Avalanche,Foul Play,4,4,3,50000
Gourgeist (Small),75.5,711,ghost,grass,154.9,194,134,4027718,48.5,2498,Hex,Shadow Ball,Seed Bomb,5,4,5,75000
Machoke (Shadow),75.5,67,fighting,none,161.3,117.6,172,3264574,50,2296,Karate Chop,Cross Chop,Dynamic Punch,5,7,3,50000
Latios,75.4,381,dragon,psychic,178.7,147.2,132,3472586,24,2492,Dragon Breath,Dragon Claw,Luster Purge,12,20,20,100000
Hippowdon,75.3,450,ground,none,150.6,150.6,182,4129027,30.5,2500,Ice Fang,Weather Ball (Rock),Earth Power,7,11,3,50000
Reshiram,75.3,643,dragon,fire,178.7,140.3,139,3485851,23,2496,Dragon Breath,Crunch,Overheat,15,19,20,100000
Scizor,75.3,212,bug,steel,178.5,142.5,137,3486560,30.5,2498,Bullet Punch,Night Slash,Iron Head,5,8,5,75000
Luxray,75.1,405,electric,none,179.1,126.2,154,3480709,34,2498,Snarl,Wild Charge,Psychic Fangs,4,3,5,75000
Turtonator,75.1,776,fire,dragon,150.4,192.4,142,4110036,50,2486,Incinerate,Dragon Pulse,Overheat,3,3,5,75000
Victreebel (Shadow),75.1,71,grass,poison,174.7,122.2,167,3566381,46,2498,Razor Leaf,Leaf Blade,Sludge Bomb,9,13,3,50000
Rapidash,75,78,fire,none,173.6,141.5,146,3587206,46.5,2499,Incinerate,Drill Run,Flame Charge,3,3,3,50000
Sandslash,75,28,ground,none,155.8,155.8,164,3982487,49.5,2492,Mud Shot,Night Slash,Earthquake,4,8,3,50000
Wailord (Shadow),75,321,water,none,157.1,83.2,304,3973920,50,2499,Water Gun,Surf,Blizzard,14,25,1,10000
Bouffalant,74.9,626,normal,none,153.7,150.6,175,4049855,35.5,2495,Mud Shot,Stomp,Megahorn,5,7,3,50000
Crobat,74.9,169,poison,flying,157.5,149.5,168,3955435,41,2500,Air Slash,Poison Fang,Shadow Ball,5,7,1,10000
Ludicolo,74.9,272,water,grass,153.1,156.5,169,4049254,47.5,2495,Bubble,Ice Beam,Leaf Storm,5,5,3,50000
Bruxish,74.8,779,water,psychic,176.9,131.6,151,3516640,46.5,2497,Confusion,Aqua Tail,Psychic Fangs,3,3,3,50000
Gardevoir (Shadow),74.7,282,psychic,fairy,177,149.5,133,3519444,29.5,2500,Charm,Synchronoise,Shadow Ball,9,10,5,75000
Granbull,74.6,210,fairy,none,173.7,116.8,176,3571337,42,2490,Charm,Close Combat,Crunch,8,8,3,50000
Cloyster (Shadow),74.5,91,water,ice,153.3,216,122,4039842,42.5,2489,Ice Shard,Icy Wind,Hydro Pump,5,8,3,50000
Porygon2 (Shadow),74.5,233,normal,none,158.5,148.3,167,3925249,39,2495,Lock On,Tri Attack,Zap Cannon,10,16,3,50000
Durant,74.4,632,bug,steel,174.5,158.1,129,3559047,38,2494,Bug Bite,X-Scissor,Stone Edge,12,19,3,50000
Hypno,74.4,97,psychic,none,133.6,174.8,178,4156705,50,2363,Confusion,Fire Punch,Shadow Ball,4,5,3,50000
Tropius,74.4,357,grass,flying,126.9,149.6,199,3776755,50,2194,Air Slash,Leaf Blade,Aerial Ace,4,5,5,75000
Arcanine (Shadow),74.3,59,fire,none,171.2,130.6,163,3643261,31,2497,Snarl,Wild Charge,Psychic Fangs,4,3,3,50000
Klinklang,74.3,601,steel,none,160.6,180.3,133,3852914,39.5,2488,Thunder Shock,Mirror Shot,Zap Cannon,4,9,5,75000
Rapidash (Galarian),74.3,78,psychic,fairy,173.6,141.5,146,3587206,46.5,2499,Fairy Wind,Body Slam,Play Rough,4,7,3,50000
Staraptor,74.3,398,normal,flying,182,117.3,160,3415476,35,2498,Wing Attack,Brave Bird,Close Combat,7,6,1,10000
Aggron,74.2,306,steel,rock,150.2,199.3,138,4132999,32,2495,Smack Down,Meteor Beam,Heavy Slam,8,7,1,10000
Zamazenta (Hero),74.2,889,fighting,none,168.4,162.5,134,3667246,23.5,2485,Snarl,Close Combat,Crunch,4,4,20,100000
Fraxure,74.1,611,dragon,none,190.2,115.6,149,3276241,49.5,2497,Dragon Tail,Dragon Claw,Night Slash,4,4,5,75000
Golem,74.1,76,rock,ground,162.1,155.3,153,3851246,32.5,2498,Mud Shot,Stone Edge,Rock Blast,7,5,1,10000
Lycanroc (Midnight),74.1,745,rock,none,171.8,127.9,164,3602247,36.5,2488,Counter,Psychic Fangs,Crunch,5,7,5,50000
Manectric (Shadow),74.1,310,electric,none,186.8,116,153,3315347,46.5,2488,Snarl,Wild Charge,Psychic Fangs,4,3,3,50000
Omastar (Shadow),74,139,rock,water,163.3,163.3,143,3813506,36.5,2497,Mud Shot,Rock Slide,Rock Blast,5,5,5,75000
Thundurus (Incarnate),74,642,electric,flying,189.8,123.3,140,3277023,27.5,2495,Thunder Shock,Crunch,Thunder,5,7,20,100000
Banette (Shadow),73.9,354,ghost,none,189.9,118.5,146,3285104,50,2499,Shadow Claw,Shadow Ball,Thunder,7,8,3,50000
Manectric,73.9,310,electric,none,186.8,116,153,3315347,46.5,2488,Snarl,Wild Charge,Psychic Fangs,4,3,3,50000
Mewtwo (Shadow),73.9,150,psychic,none,190.5,122.2,140,3258153,22,2494,Psycho Cut,Psystrike,Shadow Ball,5,7,20,100000
Ursaring,73.9,217,normal,none,180.7,118.9,161,3459168,33.5,2500,Shadow Claw,Play Rough,Close Combat,8,6,3,50000
Solgaleo,73.8,791,psychic,steel,166,129.3,175,3755496,22.5,2500,Fire Spin,Psychic Fangs,Iron Head,4,5,20,100000
Simisage,73.7,512,grass,none,176.6,122.4,163,3523110,48.5,2495,Vine Whip,Grass Knot,Crunch,7,6,3,50000
Aggron (Shadow),73.6,306,steel,rock,150.2,199.3,138,4132999,32,2495,Smack Down,Meteor Beam,Heavy Slam,8,7,1,10000
Landorus (Therian),73.5,645,ground,flying,189.7,125,138,3272594,23.5,2497,Mud Shot,Superpower,Stone Edge,5,7,20,100000
Tapu Bulu,73.5,787,grass,fairy,175.6,158.3,127,3529863,27,2496,Bullet Seed,Grass Knot,Dazzling Gleam,4,6,20,100000
Weavile,73.5,461,dark,ice,183.7,136.1,136,3399317,30,2499,Snarl,Avalanche,Foul Play,4,4,3,50000
Glalie,73.4,362,ice,none,148.7,148.7,172,3804904,50,2380,Ice Shard,Avalanche,Shadow Ball,5,6,3,50000
Victreebel,73.4,71,grass,poison,174.7,122.2,167,3566381,46,2498,Razor Leaf,Leaf Blade,Sludge Bomb,9,13,3,50000
Vileplume (Shadow),73.4,45,grass,poison,165.4,146.1,155,3745323,42.5,2494,Razor Leaf,Sludge Bomb,Moonblast,13,15,3,50000
Dialga,73.2,483,steel,dragon,178.7,140.3,139,3485851,23,2496,Dragon Breath,Iron Head,Thunder,17,20,20,100000
Keldeo (Ordinary),73.1,647,water,fighting,177.4,134.8,145,3466877,24,2482,Poison Jab,Hydro Pump,Sacred Sword,11,5,20,100000
Yveltal,73.1,717,dark,flying,169,129.5,169,3699520,23.5,2500,Snarl,Dark Pulse,Oblivion Wing,4,4,20,100000
Magmortar,73,467,fire,none,182.1,132.8,141,3409646,29.5,2496,Karate Chop,Fire Punch,Thunderbolt,5,7,5,75000
Tapu Koko,73,785,electric,fairy,184,138.4,133,3385775,28.5,2499,Volt Switch,Thunderbolt,Dazzling Gleam,4,5,20,100000
Tyranitar (Shadow),73,248,rock,dark,167.7,143.8,154,3713313,23.5,2496,Smack Down,Brutal Swing,Stone Edge,5,7,5,75000
Feraligatr,72.9,160,water,none,159.8,150.6,162,3898223,35.5,2496,Ice Fang,Hydro Cannon,Crunch,8,9,3,10000
Gurdurr,72.9,533,fighting,none,163.9,125.2,178,3651822,50,2452,Poison Jab,Stone Edge,Brick Break,8,5,5,75000
Carnivine,72.8,455,grass,none,169.7,126.9,163,3510627,50,2441,Vine Whip,Crunch,Power Whip,6,7,5,75000
Delphox,72.8,655,fire,psychic,171.9,146.9,143,3612854,30.5,2494,Fire Spin,Blast Burn,Mystical Fire,5,5,3,10000
Hippowdon (Shadow),72.8,450,ground,none,150.6,150.6,182,4129027,30.5,2500,Ice Fang,Weather Ball (Rock),Earth Power,7,11,3,50000
Omastar,72.8,139,rock,water,163.3,163.3,143,3813506,36.5,2497,Mud Shot,Rock Slide,Rock Blast,5,5,5,75000
Machoke,72.7,67,fighting,none,161.3,117.6,172,3264574,50,2296,Karate Chop,Cross Chop,Dynamic Punch,5,7,3,50000
Pyroar,72.7,668,fire,normal,173.3,125.6,164,3568870,36.5,2493,Incinerate,Flame Charge,Dark Pulse,3,3,3,10000
Suicune,72.6,245,water,none,136.9,185.2,178,4511669,32,2488,Snarl,Bubble Beam,Ice Beam,4,5,20,100000
Tangela,72.6,114,grass,none,165.4,153.7,148,3762095,49,2500,Vine Whip,Grass Knot,Sludge Bomb,7,7,3,50000
Bisharp,72.4,625,dark,steel,179.8,143.4,134,3454422,34.5,2494,Snarl,Dark Pulse,Iron Head,4,4,5,75000
Entei,72.4,244,fire,none,164.4,127.9,179,3763075,26.5,2490,Fire Spin,Flame Charge,Overheat,5,6,20,100000
Infernape,72.4,392,fire,fighting,177.7,128.8,153,3502927,37.5,2500,Fire Spin,Close Combat,Blast Burn,5,5,3,10000
Palkia,72.4,484,water,dragon,181.9,147.4,127,3404831,23,2493,Dragon Tail,Aqua Tail,Draco Meteor,4,8,20,100000
Slowking (Galarian),72.4,199,poison,psychic,151.7,151.7,178,4094527,38.5,2493,Hex,Surf,Shadow Ball,4,5,3,50000
Groudon,72.3,383,ground,none,174.3,153.3,134,3580557,22.5,2500,Mud Shot,Precipice Blades,Fire Punch,7,5,20,100000
Houndoom (Shadow),72.3,229,dark,fire,180.2,125.7,152,3441593,40,2494,Snarl,Crunch,Flamethrower,4,5,3,50000
Stoutland,72.3,508,normal,none,161.3,150.6,159,3862646,35.5,2496,Lick,Wild Charge,Crunch,15,15,1,10000
Vikavolt,72.3,738,bug,electric,187.2,122.6,144,3305478,29.5,2490,Spark,X-Scissor,Discharge,5,6,1,10000
Dusknoir (Shadow),72.2,477,ghost,none,153.2,223.2,118,4035710,48.5,2489,Hex,Shadow Ball,Dark Pulse,5,5,3,50000
Feraligatr (Shadow),72.2,160,water,none,159.8,150.6,162,3898223,35.5,2496,Ice Fang,Hydro Cannon,Crunch,8,9,3,10000
Gholdengo,72.2,1000,steel,ghost,175.4,138.3,146,3541192,25.5,2495,Hex,Shadow Ball,Focus Blast,5,7,5,10000
Incineroar,72.2,727,fire,dark,163,140,168,3833353,31.5,2500,Double Kick,Dark Pulse,Fire Blast,5,7,3,10000
Kingdra (Shadow),72.2,230,water,dragon,156.5,165.2,153,3954457,40,2490,Dragon Breath,Outrage,Octazooka,20,17,3,50000
Dusknoir,72.1,477,ghost,none,153.2,223.2,118,4035710,48.5,2489,Hex,Shadow Ball,Dark Pulse,5,5,3,50000
Electrode (Shadow),72.1,101,electric,none,158,158,142,3543829,50,2373,Volt Switch,Discharge,Foul Play,3,3,3,50000
Qwilfish,72,211,water,poison,167.2,128.6,149,3203314,50,2318,Poison Sting,Aqua Tail,Ice Beam,4,7,3,50000
Vigoroth,72,288,normal,none,146.2,134.4,172,3381166,50,2225,Counter,Body Slam,Brick Break,5,5,5,75000
Carracosta,71.8,565,water,rock,155.4,167.3,153,3977055,40.5,2486,Water Gun,Surf,Body Slam,14,12,5,75000
Vileplume,71.8,45,grass,poison,165.4,146.1,155,3745323,42.5,2494,Razor Leaf,Sludge Bomb,Moonblast,13,15,3,50000
Electabuzz,71.7,125,electric,none,170.9,143.3,149,3648356,49.5,2498,Thunder Shock,Thunder Punch,Return,5,8,5,75000
Glaceon,71.7,471,ice,none,176.3,157.4,127,3525617,29.5,2500,Ice Shard,Avalanche,Icy Wind,5,5,5,75000
Mewtwo,71.7,150,psychic,none,190.5,122.2,140,3258153,22,2494,Psycho Cut,Psystrike,Shadow Ball,5,7,20,100000
Rotom (Wash),71.7,479,electric,water,167.5,183.5,121,3719845,41.5,2499,Thunder Shock,Thunderbolt,Hydro Pump,7,9,5,75000
Suicune (Shadow),71.7,245,water,none,136.9,185.2,178,4511669,32,2488,Snarl,Bubble Beam,Ice Beam,4,5,20,100000
Tangela (Shadow),71.7,114,grass,none,165.4,153.7,148,3762095,49,2500,Vine Whip,Grass Knot,Sludge Bomb,7,7,3,50000
Wigglytuff,71.7,40,normal,fairy,143.7,88.2,260,3296306,50,2178,Charm,Disarming Voice,Ice Beam,8,10,1,10000
Kartana,71.6,798,grass,steel,218.4,127.6,102,2842159,25,2493,Razor Leaf,Leaf Blade,Night Slash,9,9,20,100000
Beartic,71.5,614,ice,none,173.4,121.5,169,3559666,30,2484,Powder Snow,Ice Punch,Surf,5,5,3,50000
Kleavor,71.5,900,bug,rock,186.3,134.5,133,3333748,29,2499,Quick Attack,X-Scissor,Stone Edge,5,7,5,75000
Amoonguss,71.4,591,grass,poison,142.9,129.4,221,4085363,50,2420,Feint Attack,Grass Knot,Foul Play,9,8,3,50000
Krookodile,71.4,553,ground,dark,171.9,126.9,166,3621044,31,2500,Snarl,Crunch,Earthquake,4,5,5,75000
Magmar,71.4,126,fire,none,174.4,139.5,146,3551007,48,2489,Karate Chop,Fire Punch,Return,5,9,5,75000
Archeops,71.2,567,rock,flying,208.1,107.9,133,2985371,27.5,2499,Wing Attack,Ancient Power,Dragon Claw,6,5,5,75000
Huntail,71.2,367,water,none,173.6,159.6,130,3602634,46.5,2500,Water Gun,Aqua Tail,Crunch,12,15,3,50000
Scyther (Shadow),71.2,123,bug,flying,173.1,143.6,144,3577958,37.5,2491,Fury Cutter,Night Slash,X-Scissor,9,9,5,75000
Meloetta (Aria),70.9,648,normal,psychic,164.7,150.2,151,3735910,22.5,2484,Quick Attack,Psyshock,Dazzling Gleam,6,9,20,100000
Cryogonal,70.8,615,ice,none,150.2,177.2,156,4151488,36.5,2500,Ice Shard,Night Slash,Aurora Beam,4,6,5,75000
Kabutops,70.8,141,rock,water,175.8,155.4,130,3549720,39,2500,Mud Shot,Stone Edge,Ancient Power,7,5,5,75000
Gothitelle,70.7,576,psychic,none,149,182.1,153,4151848,47.5,2488,Confusion,Rock Slide,Psychic,4,5,3,50000
Zweilous,70.7,634,dark,dragon,146.2,126,160,2948691,50,2079,Dragon Breath,Body Slam,Dark Pulse,12,17,5,75000
Armaldo (Shadow),70.6,348,rock,bug,172.2,143.4,146,3604964,34.5,2495,Fury Cutter,Rock Blast,Liquidation,10,12,3,50000
Rotom (Frost),70.5,479,electric,ice,167.5,183.5,121,3719845,41.5,2499,Thunder Shock,Thunderbolt,Blizzard,7,9,5,75000
Tyranitar,70.5,248,rock,dark,167.7,143.8,154,3713313,23.5,2496,Smack Down,Brutal Swing,Stone Edge,5,7,5,75000
Mr. Rime,70.4,866,ice,psychic,165.9,146,155,3754602,35.5,2497,Ice Shard,Icy Wind,Psychic,5,6,5,75000
Gardevoir,70.3,282,psychic,fairy,177,149.5,133,3519444,29.5,2500,Charm,Synchronoise,Shadow Ball,9,10,5,75000
Seviper,70.3,336,poison,none,177.3,111.8,161,3190279,50,2380,Poison Jab,Crunch,Poison Fang,7,6,3,50000
Tyrantrum,70.3,697,rock,dragon,169,148.5,147,3690553,30,2498,Dragon Tail,Meteor Beam,Crunch,7,5,5,75000
Electrode,70.2,101,electric,none,158,158,142,3543829,50,2373,Volt Switch,Discharge,Foul Play,3,3,3,50000
Houndoom,70.2,229,dark,fire,180.2,125.7,152,3441593,40,2494,Snarl,Crunch,Flamethrower,4,5,3,50000
Alakazam,70.1,65,psychic,none,202.8,128.6,118,3076789,30.5,2500,Counter,Fire Punch,Shadow Ball,6,8,3,50000
Amoonguss (Shadow),70.1,591,grass,poison,142.9,129.4,221,4085363,50,2420,Feint Attack,Grass Knot,Foul Play,9,8,3,50000
Kyogre,70,382,water,none,174.3,153.3,134,3580557,22.5,2500,Waterfall,Surf,Origin Pulse,5,8,20,100000
Torterra (Shadow),70,389,grass,ground,155.1,152.1,170,4008159,33.5,2493,Razor Leaf,Frenzy Plant,Stone Edge,12,14,3,10000
Nidoking (Shadow),69.9,34,poison,ground,166.5,136.1,164,3714170,42,2486,Double Kick,Sand Tomb,Earth Power,4,5,3,50000
Zygarde (10% Forme),69.9,718,dragon,ground,175.2,156.1,130,3555115,48,2499,Dragon Tail,Crunch,Earthquake,5,8,20,100000
Emboar,69.8,500,fire,fighting,178.5,104.1,188,3494597,32,2498,Ember,Blast Burn,Rock Slide,9,8,3,10000
Decidueye,69.7,724,grass,ghost,165.5,148.5,153,3758157,37,2494,Leafage,Brave Bird,Energy Ball,8,8,3,10000
Yanmega,69.7,469,bug,flying,176.3,125.9,159,3530271,31.5,2496,Wing Attack,Ancient Power,Aerial Ace,6,6,3,50000
Comfey,69.6,764,fairy,none,151.3,193.3,129,3771020,50,2392,Vine Whip,Grass Knot,Draining Kiss,7,7,3,50000
Gigalith,69.6,526,rock,none,164.7,153.3,149,3763758,28.5,2496,Smack Down,Superpower,Meteor Beam,5,8,3,50000
Simipour,69.5,516,water,none,176.6,122.4,163,3523110,48.5,2495,Water Gun,Surf,Crunch,14,15,3,50000
Tsareena,69.5,763,grass,none,168.8,154.6,141,3678618,32.5,2499,Magical Leaf,Grass Knot,Stomp,5,4,3,10000
Entei (Shadow),69.4,244,fire,none,164.4,127.9,179,3763075,26.5,2490,Fire Spin,Flame Charge,Overheat,5,6,20,100000
Metagross,69.4,376,steel,psychic,172.1,156.4,134,3607384,24,2493,Bullet Punch,Meteor Mash,Earthquake,8,10,5,75000
Torkoal,69.4,324,fire,none,139.5,183.2,157,4011742,50,2366,Fire Spin,Overheat,Earthquake,6,7,3,50000
Breloom,69.3,286,grass,fighting,194.2,122.9,134,3198410,40.5,2499,Counter,Dynamic Punch,Grass Knot,8,8,3,50000
Torterra,69.3,389,grass,ground,155.1,152.1,170,4008159,33.5,2493,Razor Leaf,Frenzy Plant,Stone Edge,12,14,3,10000
Alakazam (Shadow),69.2,65,psychic,none,202.8,128.6,118,3076789,30.5,2500,Counter,Fire Punch,Shadow Ball,6,8,3,50000
Eelektross,69.1,604,electric,none,172.8,127.4,164,3610805,38.5,2499,Spark,Dragon Claw,Liquidation,5,6,1,10000
Jolteon,69.1,135,electric,none,178.4,147.7,132,3479068,33,2498,Volt Switch,Discharge,Last Resort,3,4,5,75000
Hypno (Shadow),69,97,psychic,none,133.6,174.8,178,4156705,50,2363,Confusion,Fire Punch,Ice Punch,4,4,3,50000
Cherrim (Sunshine),68.7,421,grass,none,155.5,141.2,157,3445477,50,2315,Bullet Seed,Weather Ball (Fire),Solar Beam,3,7,1,10000
Armaldo,68.6,348,rock,bug,172.2,143.4,146,3604964,34.5,2495,Fury Cutter,Rock Blast,Liquidation,10,12,3,50000
Camerupt,68.6,323,fire,ground,175.6,126.9,157,3498579,50,2479,Incinerate,Earth Power,Overheat,3,3,3,50000
Heatmor,68.6,631,fire,none,172.7,118.7,175,3588455,48,2490,Fire Spin,Flamethrower,Thunder Punch,6,4,3,50000
Latias,68.5,380,dragon,psychic,159.5,178.1,137,3893026,26.5,2497,Dragon Breath,Mist Ball,Thunder,20,20,20,100000
Beedrill (Shadow),68.4,15,bug,poison,154.6,121.8,149,2806990,50,2087,Poison Jab,Drill Run,X-Scissor,7,5,1,10000
Weezing,68.4,110,poison,none,153.8,177.3,148,4035190,50,2497,Infestation,Sludge Bomb,Shadow Ball,5,5,3,50000
Arcanine,68.3,59,fire,none,171.2,130.6,163,3643261,31,2497,Snarl,Crunch,Flamethrower,4,5,3,50000
Metagross (Shadow),68.2,376,steel,psychic,172.1,156.4,134,3607384,24,2493,Bullet Punch,Meteor Mash,Psychic,8,8,5,75000
Ribombee,68.2,743,bug,fairy,179,135.3,142,3438449,50,2488,Fairy Wind,Bug Buzz,Dazzling Gleam,7,8,1,10000
Articuno (Galarian),68.1,144,psychic,flying,172,141.7,148,3606538,25.5,2494,Psycho Cut,Ancient Power,Brave Bird,5,7,20,100000
Garchomp (Shadow),68.1,445,dragon,ground,171.1,132,161,3634545,23,2496,Dragon Tail,Sand Tomb,Outrage,5,7,5,75000
Graveler (Alolan) (Shadow),68.1,75,rock,electric,150.4,150.4,135,3054278,50,2145,Volt Switch,Stone Edge,Rock Blast,4,3,1,10000
Arcanine (Hisuian),68,59,fire,rock,169.8,129.5,165,3627507,29,2485,Snarl,Rock Slide,Crunch,4,4,3,50000
Exeggutor (Alolan) (Shadow),68,103,grass,dragon,172.7,122.9,169,3587353,30,2489,Dragon Tail,Seed Bomb,Draco Meteor,5,8,3,50000
Girafarig (Shadow),68,203,normal,psychic,165.5,124.4,157,3232186,50,2314,Confusion,Psychic Fangs,Psychic,3,5,3,50000
Lopunny,68,428,normal,none,143.7,175.6,149,3760083,50,2328,Double Kick,Fire Punch,Focus Blast,4,7,3,50000
Masquerain,68,284,bug,flying,171.2,136.2,156,3637065,49,2497,Air Slash,Lunge,Air Cutter,5,7,1,10000
Scyther,68,123,bug,flying,173.1,143.6,144,3577958,37.5,2491,Fury Cutter,Night Slash,X-Scissor,9,9,5,75000
Zoroark,67.9,571,dark,none,204.2,112.5,133,3055646,41.5,2500,Shadow Claw,Foul Play,Flamethrower,6,7,5,75000
Garchomp,67.6,445,dragon,ground,171.1,132,161,3634545,23,2496,Dragon Tail,Sand Tomb,Outrage,5,7,5,75000
Celebi,67.4,251,psychic,grass,155.5,154.8,166,3996896,27.5,2493,Confusion,Seed Bomb,Leaf Storm,4,5,20,100000
Exeggutor (Alolan),67.4,103,grass,dragon,172.7,122.9,169,3587353,30,2489,Dragon Tail,Seed Bomb,Draco Meteor,5,8,3,50000
Heliolisk,67.1,695,electric,normal,179,141.3,138,3490724,42.5,2500,Volt Switch,Thunderbolt,Grass Knot,4,4,3,50000
Toxapex,67.1,748,poison,water,108.4,242,127,3331614,50,1905,Poison Jab,Brine,Sludge Wave,8,10,3,50000
Vespiquen,67.1,416,bug,flying,137.8,172.3,157,3727058,50,2267,Fury Cutter,X-Scissor,Bug Buzz,9,15,3,50000
Flareon,67,136,fire,none,184.4,139.4,131,3369105,31,2495,Fire Spin,Superpower,Flamethrower,4,6,5,75000
Kangaskhan,67,115,normal,none,149,141.7,198,4180854,43,2496,Mud Slap,Power-Up Punch,Outrage,5,8,3,50000
Golurk (Shadow),66.9,623,ground,ghost,172.1,127.9,164,3611388,35,2496,Mud Slap,Shadow Punch,Dynamic Punch,5,7,5,75000
Nidoking,66.9,34,poison,ground,166.5,136.1,164,3714170,42,2486,Double Kick,Sand Tomb,Earth Power,4,5,3,50000
Sawk,66.9,539,fighting,none,181.3,127.2,149,3434728,35,2497,Poison Jab,Body Slam,Focus Blast,5,11,5,75000
Gligar (Shadow),66.8,207,ground,flying,132.8,167.2,149,3307998,50,2099,Wing Attack,Night Slash,Aerial Ace,5,6,5,75000
Mismagius,66.7,429,ghost,none,170.5,160.1,133,3630556,40.5,2489,Hex,Shadow Ball,Dark Pulse,5,5,3,50000
Mismagius (Shadow),66.7,429,ghost,none,170.5,160.1,133,3630556,40.5,2489,Hex,Shadow Ball,Dark Pulse,5,5,3,50000
Dedenne,66.6,702,electric,fairy,150.4,125.2,152,2862540,50,2081,Thunder Shock,Discharge,Play Rough,5,7,3,50000
Girafarig,66.5,203,normal,psychic,165.5,124.4,157,3232186,50,2314,Confusion,Psychic Fangs,Psychic,3,5,3,50000
Golurk,66.5,623,ground,ghost,172.1,127.9,164,3611388,35,2496,Mud Slap,Shadow Punch,Dynamic Punch,5,7,5,75000
Graveler (Alolan),66.5,75,rock,electric,150.4,150.4,135,3054278,50,2145,Volt Switch,Stone Edge,Rock Blast,4,3,1,10000
Munchlax,66.5,446,normal,none,127.7,110.9,252,3570153,50,2139,Tackle,Body Slam,Bulldoze,12,20,5,10000
Sharpedo (Shadow),66.4,319,water,dark,216.8,82.3,157,2802942,50,2466,Waterfall,Crunch,Poison Fang,6,5,3,50000
Araquanid,66.3,752,water,bug,118.5,196.6,154,3587769,50,2065,Bug Bite,Bug Buzz,Bubble Beam,20,14,3,50000
Aerodactyl (Shadow),66.2,142,rock,flying,174,134.5,153,3580896,37,2496,Rock Throw,Rock Slide,Earth Power,9,11,5,75000
Dodrio,66.2,85,normal,flying,186,127.3,141,3339645,49.5,2497,Feint Attack,Brave Bird,Drill Peck,10,7,3,50000
Spiritomb,66.2,442,ghost,dark,154.6,179.8,127,3531052,50,2343,Sucker Punch,Shadow Ball,Shadow Sneak,8,7,5,75000
Beedrill,66.1,15,bug,poison,154.6,121.8,149,2806990,50,2087,Poison Jab,Drill Run,X-Scissor,7,5,1,10000
Espeon,66.1,196,psychic,none,191.1,134.8,126,3246027,28.5,2500,Confusion,Psychic Fangs,Shadow Ball,3,5,5,75000
Weezing (Shadow),66.1,110,poison,none,153.8,177.3,148,4035190,50,2497,Infestation,Sludge Bomb,Shadow Ball,5,5,3,50000
Aerodactyl,65.9,142,rock,flying,174,134.5,153,3580896,37,2496,Rock Throw,Rock Slide,Earth Power,9,11,5,75000
Latias (Shadow),65.8,380,dragon,psychic,159.5,178.1,137,3893026,26.5,2497,Dragon Breath,Mist Ball,Thunder,20,20,20,100000
Simisear,65.8,514,fire,none,176.6,122.4,163,3523110,48.5,2495,Fire Spin,Crunch,Flamethrower,5,6,3,50000
Tapu Lele,65.8,786,psychic,fairy,179.8,150.5,127,3437989,26,2490,Confusion,Psyshock,Moonblast,4,5,20,100000
Tauros,65.7,128,normal,none,160.9,157,153,3865309,40.5,2494,Tackle,Horn Attack,Earthquake,12,22,3,50000
Xurkitree,65.6,796,electric,none,215.9,101.9,131,2881005,23,2497,Thunder Shock,Discharge,Power Whip,5,6,20,100000
Regieleki,65.4,894,electric,none,194.9,104.4,157,3193836,36,2497,Lock On,Thunder,Hyper Beam,12,16,20,100000
Garbodor,65.3,569,poison,none,159.3,147.7,166,3906089,47,2499,Infestation,Body Slam,Seed Bomb,3,4,3,50000
Mienshao,65.3,620,fighting,none,203.4,109.4,137,3047401,36.5,2490,Poison Jab,Brick Break,Stone Edge,5,8,3,50000
Stantler (Shadow),65.3,234,normal,none,173.9,122.7,161,3435721,50,2447,Tackle,Wild Charge,Stomp,15,14,3,50000
Exeggutor (Shadow),65.2,103,grass,psychic,175.6,121.5,166,3540669,31.5,2498,Bullet Seed,Psychic,Seed Bomb,5,4,3,50000
Furfrou,65.1,676,normal,none,150.4,152.9,164,3772567,50,2387,Sucker Punch,Surf,Grass Knot,6,8,5,75000
Gligar,65.1,207,ground,flying,132.8,167.2,149,3307998,50,2099,Wing Attack,Night Slash,Aerial Ace,5,6,5,75000
Kingler,65.1,99,water,none,187.3,148.3,120,3333406,35.5,2498,Mud Shot,Crabhammer,X-Scissor,6,4,3,50000
Swalot,65.1,317,poison,none,130.2,146.2,201,3827769,50,2236,Infestation,Sludge Bomb,Ice Beam,5,5,1,10000
Camerupt (Shadow),65,323,fire,ground,175.6,126.9,157,3498579,50,2479,Incinerate,Overheat,Earth Power,3,3,3,50000
Sawk (Shadow),65,539,fighting,none,181.3,127.2,149,3434728,35,2497,Poison Jab,Body Slam,Focus Blast,5,11,5,75000
Blissey,64.7,242,normal,none,104.8,143.8,395,5952508,38.5,2499,Zen Headbutt,Psychic,Hyper Beam,10,14,5,75000
Venomoth (Shadow),64.6,49,bug,poison,163,132.8,157,3398030,50,2354,Infestation,Poison Fang,Silver Wind,4,4,3,50000
Sunflora,64.5,192,grass,none,168.1,126,164,3474032,50,2421,Bullet Seed,Sludge Bomb,Leaf Storm,4,5,3,50000
Carbink,64.4,703,rock,fairy,92.4,252.1,127,2959282,50,1658,Rock Throw,Rock Slide,Moonblast,9,12,5,75000
Sneasel,64.4,215,dark,ice,171.4,135.3,135,3130823,50,2319,Ice Shard,Avalanche,Foul Play,5,5,3,50000
Toucannon,64.4,733,normal,flying,176.8,125.4,158,3503553,38,2496,Bullet Seed,Drill Peck,Rock Blast,4,4,1,10000
Absol (Shadow),64.2,359,dark,none,201.5,107.6,142,3078122,42.5,2491,Snarl,Dark Pulse,Megahorn,4,5,5,75000
Lairon (Shadow),64.2,305,steel,rock,145.4,179,142,3694731,50,2324,Metal Claw,Rock Slide,Body Slam,8,6,1,10000
Venomoth,64.2,49,bug,poison,163,132.8,157,3398030,50,2354,Infestation,Poison Fang,Silver Wind,4,4,3,50000
Chimecho,64,358,psychic,none,157.1,155.5,162,3957283,50,2495,Extrasensory,Psyshock,Shadow Ball,5,6,5,75000
Ursaluna,64,901,ground,normal,162.5,125.6,188,3839029,23.5,2500,Tackle,Ice Punch,High Horsepower,14,20,3,50000
Exeggutor,63.9,103,grass,psychic,175.6,121.5,166,3540669,31.5,2498,Bullet Seed,Psychic,Seed Bomb,5,4,3,50000
Grumpig,63.8,326,psychic,none,146.6,169.2,170,4218159,49.5,2493,Extrasensory,Shadow Ball,Psychic,6,6,1,10000
Ursaluna (Shadow),63.8,901,ground,normal,162.5,125.6,188,3839029,23.5,2500,Tackle,Ice Punch,Thunder Punch,14,14,3,50000
Rhyperior,63.7,464,ground,rock,163.6,136.9,170,3809219,25,2499,Mud Slap,Rock Wrecker,Surf,7,5,3,50000
Basculin,63.5,550,water,none,171.4,121,157,3256575,50,2363,Water Gun,Aqua Tail,Muddy Water,12,12,1,10000
Lunatone,63.4,337,rock,psychic,157.2,138.2,182,3953726,46.5,2497,Confusion,Rock Slide,Psychic,4,5,3,50000
Solrock,63.4,338,rock,psychic,157.2,138.2,182,3953726,46.5,2497,Confusion,Rock Slide,Psychic,4,5,3,50000
Stantler,63.2,234,normal,none,173.9,122.7,161,3435721,50,2447,Tackle,Wild Charge,Stomp,15,14,3,50000
Bastiodon,63.1,411,rock,steel,91.6,252.9,142,3289653,50,1741,Smack Down,Stone Edge,Flamethrower,7,7,5,75000
Lairon,63.1,305,steel,rock,145.4,179,142,3694731,50,2324,Metal Claw,Rock Slide,Body Slam,8,6,1,10000
Rhydon,63.1,112,ground,rock,163.3,132.4,176,3804487,29,2494,Mud Slap,Stone Edge,Surf,7,5,3,50000
Grotle (Shadow),63,388,grass,none,144.5,132.8,164,3147010,50,2137,Razor Leaf,Body Slam,Energy Ball,9,14,3,10000
Oricorio (Pom-Pom),63,741,electric,flying,172.6,130.8,160,3612607,45.5,2499,Air Slash,Aerial Ace,Hurricane,5,8,3,75000
Sharpedo,63,319,water,dark,216.8,82.3,157,2802942,50,2466,Waterfall,Crunch,Poison Fang,6,5,3,50000
Sneasel (Shadow),63,215,dark,ice,171.4,135.3,135,3130823,50,2319,Ice Shard,Avalanche,Foul Play,5,5,3,50000
Rotom (Mow),62.9,479,electric,grass,167.5,183.5,121,3719845,41.5,2499,Thunder Shock,Thunderbolt,Ominous Wind,7,5,5,75000
Golem (Shadow),62.8,76,rock,ground,162.1,155.3,153,3851246,32.5,2498,Rock Throw,Stone Edge,Earthquake,11,13,1,10000
Jumpluff,62.8,189,grass,flying,111.8,166.4,164,3049506,50,1850,Fairy Wind,Acrobatics,Energy Ball,7,7,3,50000
Clawitzer,62.7,693,water,none,174.1,142.5,144,3572394,36.5,2494,Water Gun,Crabhammer,Dark Pulse,17,17,3,50000
Marshtomp (Shadow),62.7,259,water,ground,143.7,124.4,157,2805603,50,2008,Mud Shot,Surf,Mud Bomb,5,5,3,10000
Chandelure,62.6,609,ghost,fire,194.8,137.3,119,3182125,27.5,2490,Fire Spin,Shadow Ball,Flame Charge,6,5,5,75000
Klefki,62.6,707,steel,fairy,147.1,163,137,3284196,50,2204,Tackle,Foul Play,Play Rough,15,20,3,50000
Porygon-Z,62.6,474,normal,none,191.1,117.7,145,3261158,28.5,2500,Lock On,Tri Attack,Zap Cannon,10,16,3,50000
Jumpluff (Shadow),62.5,189,grass,flying,111.8,166.4,164,3049506,50,1850,Fairy Wind,Acrobatics,Energy Ball,7,7,3,50000
Marshtomp,62.5,259,water,ground,143.7,124.4,157,2805603,50,2008,Mud Shot,Surf,Mud Bomb,5,5,3,10000
Oricorio (Baile),62.5,741,fire,flying,172.6,130.8,160,3612607,45.5,2499,Air Slash,Aerial Ace,Hurricane,5,8,3,75000
Shelgon,62.5,372,dragon,none,157.1,142.9,149,3344610,50,2296,Dragon Breath,Flamethrower,Dragon Pulse,19,20,5,75000
Grumpig (Shadow),62.3,326,psychic,none,146.6,169.2,170,4218159,49.5,2493,Extrasensory,Psychic,Shadow Ball,6,6,1,10000
Sawsbuck,62.3,586,normal,grass,167.5,131.2,169,3715383,47,2496,Feint Attack,Wild Charge,Megahorn,8,10,3,50000
Maractus,61.9,556,grass,none,178.5,119.8,163,3484880,49.5,2496,Bullet Seed,Aerial Ace,Petal Blizzard,4,5,1,10000
Octillery,61.9,224,water,none,172.5,128.7,161,3575365,47,2489,Lock On,Octazooka,Aurora Beam,10,12,1,10000
Unfezant,61.9,521,normal,flying,179.3,121.8,159,3473001,37.5,2495,Air Slash,Sky Attack,Hyper Beam,5,9,1,10000
Lycanroc (Midday),61.7,745,rock,none,184.6,120,152,3365988,38,2498,Sucker Punch,Stone Edge,Drill Run,8,7,5,50000
Starmie,61.6,121,water,psychic,171,158.3,134,3626255,41,2493,Quick Attack,Psychic,Ice Beam,7,7,3,50000
Grotle,61.4,388,grass,none,144.5,132.8,164,3147010,50,2137,Razor Leaf,Body Slam,Energy Ball,9,14,3,10000
Braviary,61.2,628,normal,flying,173.4,122,170,3595320,30.5,2500,Air Slash,Brave Bird,Close Combat,7,5,5,75000
Dunsparce,60.8,206,normal,none,122.7,120.2,201,2963150,50,1909,Rollout,Drill Run,Rock Slide,4,4,3,50000
Salamence (Shadow),60.8,373,dragon,flying,186.5,117.7,152,3335828,24.5,2500,Dragon Tail,Outrage,Hydro Pump,7,9,5,75000
Lunala,60.7,792,psychic,ghost,166,129.3,175,3755496,22.5,2500,Confusion,Shadow Ball,Moonblast,5,5,20,100000
Porygon-Z (Shadow),60.7,474,normal,none,191.1,117.7,145,3261158,28.5,2500,Lock On,Tri Attack,Zap Cannon,10,16,3,50000
Tornadus (Therian),60.7,641,flying,none,174,144.8,142,3577332,28.5,2500,Gust,Hurricane,Psychic,6,5,20,100000
Marowak (Alolan) (Shadow),60.6,105,fire,ghost,133.6,168.9,142,3204426,50,2075,Hex,Shadow Bone,Bone Club,4,3,3,50000
Cacturne,60.4,332,grass,dark,193.9,107.3,154,3204466,47,2495,Poison Jab,Grass Knot,Dark Pulse,8,8,3,50000
Purugly (Shadow),60.4,432,normal,none,157.1,124.4,158,3087658,50,2208,Shadow Claw,Thunder,Aerial Ace,8,6,3,50000
Swanna,60.4,581,water,flying,165.5,123.5,164,3353483,50,2361,Water Gun,Hurricane,Ice Beam,22,19,3,50000
Cinccino,60.3,573,normal,none,176.8,121.5,163,3500440,49.5,2490,Charm,Aqua Tail,Thunderbolt,6,10,3,50000
Darkrai,60.3,491,dark,none,193.1,136.8,121,3195123,24,2484,Snarl,Dark Pulse,Shadow Ball,4,5,20,100000
Darmanitan (Galarian),60.2,555,ice,none,193.7,93.6,176,3191384,29.5,2488,Ice Fang,Avalanche,Superpower,9,8,3,50000
Graveler,60.2,75,rock,ground,150.4,150.4,135,3054278,50,2145,Mud Shot,Rock Slide,Rock Blast,5,5,1,10000
Azumarill,60.1,184,water,fairy,106.7,140.3,201,3010128,50,1795,Bubble,Play Rough,Ice Beam,6,5,3,50000
Beheeyem,59.9,606,psychic,none,174.1,136.3,150,3560325,36.5,2497,Confusion,Rock Slide,Psychic,4,5,3,50000
Exploud,59.9,295,normal,none,158,124.2,201,3945180,46.5,2500,Bite,Crunch,Disarming Voice,23,23,1,10000
Boldore,59.7,525,rock,none,158.8,132.8,157,3310452,50,2293,Smack Down,Rock Slide,Stone Edge,6,7,3,50000
Absol,59.6,359,dark,none,201.5,107.6,142,3078122,42.5,2491,Snarl,Dark Pulse,Megahorn,4,5,5,75000
Lilligant,59.5,549,grass,none,175.6,136.1,148,3536066,43,2499,Charm,Petal Blizzard,Hyper Beam,11,14,1,10000
Shelgon (Shadow),59.5,372,dragon,none,157.1,142.9,149,3344610,50,2296,Dragon Breath,Flamethrower,Dragon Pulse,19,20,5,75000
Marowak (Alolan),59.4,105,fire,ghost,133.6,168.9,142,3204426,50,2075,Hex,Shadow Bone,Bone Club,4,3,3,50000
Meowstic (Female),59.3,678,psychic,none,152.1,152.9,163,3791459,50,2401,Confusion,Psychic,Shadow Ball,5,5,3,50000
Kecleon,59.2,352,normal,none,147.9,171.4,142,3599979,50,2314,Sucker Punch,Foul Play,Ice Beam,7,8,5,75000
Mr. Mime,59.2,122,psychic,fairy,173.4,184.3,112,3580104,49.5,2494,Confusion,Psychic,Shadow Ball,5,5,5,75000
Meowstic (Male),59,678,psychic,none,152.1,152.9,163,3791459,50,2401,Confusion,Psychic,Thunderbolt,5,5,3,50000
Claydol,58.7,344,ground,psychic,130.2,205,142,3792090,50,2229,Confusion,Earth Power,Psychic,5,5,3,50000
Salamence,58.7,373,dragon,flying,186.5,117.7,152,3335828,24.5,2500,Dragon Tail,Outrage,Return,7,8,5,75000
Sealeo (Shadow),58.6,364,ice,water,127.7,123.5,186,2934557,50,1938,Powder Snow,Body Slam,Aurora Beam,5,8,3,50000
Floatzel,58.5,419,water,none,184,105.5,173,3358278,45.5,2488,Waterfall,Liquidation,Swift,6,7,3,50000
Noivern,58.5,715,flying,dragon,162.5,144,164,3839588,36.5,2498,Air Slash,Hurricane,Psychic,8,7,5,75000
Oricorio (Sensu),58.5,741,ghost,flying,172.6,130.8,160,3612607,45.5,2499,Air Slash,Aerial Ace,Hurricane,5,8,3,75000
Marowak,58.4,105,ground,none,133.6,168.9,142,3204426,50,2075,Mud Slap,Rock Slide,Bone Club,6,5,3,50000
Thundurus (Therian),58.4,642,electric,flying,199.7,114.9,135,3097423,25,2492,Volt Switch,Thunderbolt,Focus Blast,4,5,20,100000
Togetic,58.4,176,fairy,flying,129.4,164.7,135,2877261,50,1931,Fairy Wind,Ancient Power,Aerial Ace,5,5,3,50000
Bibarel (Shadow),58.3,400,normal,water,148.7,112.6,170,2847054,50,2061,Water Gun,Surf,Hyper Fang,14,17,1,10000
Jynx,58.3,124,ice,psychic,183,130.9,142,3401181,42.5,2495,Confusion,Avalanche,Ice Punch,4,4,5,75000
Bibarel,58.2,400,normal,water,148.7,112.6,170,2847054,50,2061,Water Gun,Surf,Hyper Fang,14,17,1,10000
Cacturne (Shadow),58.1,332,grass,dark,193.9,107.3,154,3204466,47,2495,Poison Jab,Grass Knot,Dark Pulse,8,8,3,50000
Musharna,58.1,518,psychic,none,146.4,139.4,208,4246921,38,2498,Charge Beam,Psyshock,Dazzling Gleam,5,7,3,50000
Sealeo,58.1,364,ice,water,127.7,123.5,186,2934557,50,1938,Powder Snow,Body Slam,Aurora Beam,5,8,3,50000
Sliggoo,58,705,dragon,none,146.2,160.5,154,3613866,50,2303,Water Gun,Muddy Water,Dragon Pulse,12,20,5,75000
Rampardos,57.9,409,rock,none,211,86.1,162,2942449,27,2495,Smack Down,Rock Slide,Flamethrower,6,7,5,75000
Purugly,57.8,432,normal,none,157.1,124.4,158,3087658,50,2208,Shadow Claw,Thunder,Aerial Ace,8,6,3,50000
Graveler (Shadow),57.7,75,rock,ground,150.4,150.4,135,3054278,50,2145,Rock Throw,Rock Slide,Rock Blast,9,8,1,10000
Marowak (Shadow),57.6,105,ground,none,133.6,168.9,142,3204426,50,2075,Mud Slap,Rock Slide,Bone Club,6,5,3,50000
Exploud (Shadow),57.3,295,normal,none,158,124.2,201,3945180,46.5,2500,Bite,Crunch,Disarming Voice,23,23,1,10000
Magcargo,57.3,219,fire,rock,129.4,173.1,127,2844857,50,1924,Incinerate,Stone Edge,Overheat,3,3,1,10000
Throh,57.1,538,fighting,none,142.2,139.8,220,4371126,43.5,2495,Low Kick,Body Slam,Focus Blast,7,15,5,75000
Dartrix,56.9,723,grass,flying,131.9,129.4,168,2868127,50,1950,Leafage,Brave Bird,Energy Ball,8,8,3,10000
Pignite,56.9,499,fire,fighting,158,101.7,186,2987617,50,2175,Ember,Flame Charge,Rock Tomb,9,10,3,10000
Volcarona,56.9,637,bug,fire,180.3,134.3,142,3438074,25,2492,Fire Spin,Overheat,Bug Buzz,6,6,5,75000
Parasect,56.5,47,bug,grass,151.3,135.3,142,2905731,50,2102,Fury Cutter,Cross Poison,X-Scissor,9,9,3,50000
Raticate (Alolan),56.5,20,dark,normal,126,142,164,2935557,50,1927,Quick Attack,Crunch,Hyper Fang,6,7,1,10000
Sigilyph,56.5,561,psychic,flying,167.3,145.7,152,3703112,42,2489,Air Slash,Ancient Power,Signal Beam,5,7,5,75000
Mesprit,56.4,481,psychic,none,159.4,166.7,147,3905898,31,2499,Confusion,Future Sight,Blizzard,6,7,20,100000
Oricorio (Pa'u),56.2,741,psychic,flying,172.6,130.8,160,3612607,45.5,2499,Air Slash,Aerial Ace,Hurricane,5,8,3,75000
Raticate (Alolan) (Shadow),56,20,dark,normal,126,142,164,2935557,50,1927,Quick Attack,Crunch,Hyper Fang,6,7,1,10000
Regidrago,55.8,895,dragon,none,154.1,85.9,305,4038371,31.5,2498,Bite,Outrage,Hyper Beam,30,40,20,100000
Ambipom (Shadow),55.7,424,normal,none,173.8,127.5,162,3590127,47.5,2500,Scratch,Aerial Ace,Low Sweep,23,20,3,50000
Gorebyss,55.7,368,water,none,175.3,156.7,129,3543750,43.5,2494,Water Gun,Psychic,Water Pulse,19,20,3,50000
Lumineon,55.7,457,water,none,131.9,155.5,155,3178863,50,2050,Water Gun,Silver Wind,Blizzard,15,25,3,50000
Swanna (Shadow),55.6,581,water,flying,165.5,123.5,164,3353483,50,2361,Water Gun,Hurricane,Ice Beam,22,19,3,50000
Crabominable,55.5,740,fighting,ice,177.7,113.5,174,3510400,32.5,2497,Bubble,Ice Punch,Crabhammer,4,5,3,50000
Mightyena,55.2,262,dark,none,156.3,123.5,157,3031089,50,2177,Ice Fang,Crunch,Poison Fang,9,8,1,10000
Komala,55,775,normal,none,176.1,144.1,139,3525459,42,2493,Rollout,Payback,Play Rough,5,5,3,50000
Mightyena (Shadow),55,262,dark,none,156.3,123.5,157,3031089,50,2177,Ice Fang,Crunch,Poison Fang,9,8,1,10000
Mr. Mime (Galarian),54.9,122,ice,psychic,166.4,154.6,127,3267048,50,2338,Confusion,Ice Punch,Psychic,4,5,5,75000
Xatu (Shadow),54.7,178,psychic,flying,173.9,135.3,149,3506318,50,2474,Air Slash,Aerial Ace,Future Sight,5,8,3,50000
Brionne,54.5,729,water,none,153.8,134.4,142,2935812,50,2131,Water Gun,Disarming Voice,Aqua Jet,15,15,3,10000
Xatu,53.7,178,psychic,flying,173.9,135.3,149,3506318,50,2474,Air Slash,Aerial Ace,Future Sight,5,8,3,50000
Braviary (Hisuian),53.2,628,psychic,flying,166.5,114.3,196,3732007,36,2495,Air Slash,Brave Bird,Psychic,7,7,5,75000
Arbok,53,24,poison,none,152.9,141.2,142,3065757,50,2171,Dragon Tail,Dark Pulse,Sludge Wave,6,8,3,50000
Wormadam (Plant),52.7,413,bug,grass,131.1,163.9,142,3050116,50,2005,Bug Bite,Energy Ball,Bug Buzz,19,20,1,10000
Throh (Shadow),52.4,538,fighting,none,142.2,139.8,220,4371126,43.5,2495,Low Kick,Body Slam,Focus Blast,7,15,5,75000
Klang,52,600,steel,none,138.6,158.8,142,3126820,50,2088,Thunder Shock,Thunderbolt,Vise Grip,7,5,5,75000
Ambipom,51.8,424,normal,none,173.8,127.5,162,3590127,47.5,2500,Scratch,Aerial Ace,Return,23,35,3,50000
Hoopa,51.8,720,psychic,ghost,187.1,137.5,128,3292971,26.5,2487,Confusion,Shadow Ball,Psychic,5,5,20,100000
Arbok (Shadow),51.7,24,poison,none,152.9,141.2,142,3065757,50,2171,Dragon Tail,Dark Pulse,Sludge Wave,6,8,3,50000
Misdreavus (Shadow),51.7,200,ghost,none,152.9,142,142,3084006,50,2178,Hex,Dark Pulse,Shadow Sneak,5,4,3,50000
Gumshoos,51.3,735,normal,none,175.6,107.6,184,3475704,50,2470,Bite,Crunch,Hyper Fang,23,25,1,10000
Vanilluxe,51.3,584,ice,none,169.9,150.2,143,3650141,34.5,2493,Frost Breath,Blizzard,Signal Beam,15,11,3,50000
Fearow,51.1,22,normal,flying,165.5,124.4,149,3067489,50,2257,Peck,Sky Attack,Drill Run,9,9,1,10000
Accelgor,50.7,617,bug,none,183.4,110.1,167,3371845,45,2488,Infestation,Bug Buzz,Signal Beam,5,5,3,50000
Tornadus (Incarnate),50.6,641,flying,none,189.8,123.3,140,3277023,27.5,2495,Air Slash,Grass Knot,Hurricane,6,8,20,100000
Cherrim (Overcast),50.4,421,grass,none,155.5,141.2,157,3445477,50,2315,Bullet Seed,Solar Beam,Dazzling Gleam,7,6,1,10000
Seadra (Shadow),50.2,117,water,none,169.7,143.7,135,3292684,50,2366,Dragon Breath,Hydro Pump,Blizzard,25,25,3,50000
Furret,50.1,162,normal,none,137,117.6,178,2868167,50,1987,Quick Attack,Brick Break,Hyper Beam,5,10,1,10000
Wormadam (Sandy),50.1,413,bug,ground,131.1,163.9,142,3050116,50,2005,Bug Bite,Bug Buzz,Bulldoze,20,20,1,10000
Seadra,49.8,117,water,none,169.7,143.7,135,3292684,50,2366,Dragon Breath,Hydro Pump,Blizzard,25,25,3,50000
Gabite (Shadow),49.1,444,dragon,ground,157.1,117.6,154,2846814,50,2119,Mud Shot,Flamethrower,Twister,7,5,5,75000
Misdreavus,49.1,200,ghost,none,152.9,142,142,3084006,50,2178,Hex,Dark Pulse,Shadow Sneak,5,4,3,50000
Reuniclus,49.1,579,psychic,none,164.2,121.5,190,3789296,33,2497,Hidden Power (Psychic),Shadow Ball,Future Sight,7,9,3,50000
Hoopa (Unbound),48.7,720,psychic,dark,201.1,129.1,117,3037339,22,2473,Confusion,Dark Pulse,Psychic,5,5,20,100000
Gabite,48.6,444,dragon,ground,157.1,117.6,154,2846814,50,2119,Mud Shot,Flamethrower,Twister,7,5,5,75000
Deoxys (Speed),48.5,386,psychic,none,180,169.6,113,3449282,32,2492,Charge Beam,Psycho Boost,Thunderbolt,4,5,20,100000
Azelf,48.1,482,psychic,none,195.1,117.3,138,3159314,28,2487,Confusion,Future Sight,Fire Blast,6,7,20,100000
Illumise,47.3,314,bug,none,132.8,152.1,149,3008782,50,2002,Tackle,Silver Wind,Bug Buzz,15,20,3,50000
Metang,46.4,375,steel,psychic,128.6,160.5,142,2930096,50,1946,Metal Claw,Psyshock,Gyro Ball,8,10,5,75000
Shaymin (Sky),46.4,492,grass,flying,180.5,121.2,158,3458020,26,2498,Hidden Power (Grass),Grass Knot,Energy Ball,7,7,20,100000
Metang (Shadow),45.3,375,steel,psychic,128.6,160.5,142,2930096,50,1946,Metal Claw,Psyshock,Gyro Ball,8,10,5,75000
Shiinotic,45,756,grass,fairy,142,153.8,142,3100951,50,2104,Astonish,Moonblast,Seed Bomb,7,5,3,50000
Volbeat,44.1,313,bug,none,132.8,152.1,149,3008782,50,2002,Tackle,Thunderbolt,Bug Buzz,19,20,3,50000
Regigigas,40.9,486,normal,none,178.7,137.7,141,3471447,21,2494,Hidden Power (Rock),Thunder,Focus Blast,8,10,20,100000
Shaymin (Land),38.7,492,grass,none,152.6,157.6,169,4065161,28.5,2490,Zen Headbutt,Grass Knot,Seed Flare,9,13,20,100000
Chansey,36.5,113,normal,none,63,120.2,421,3188219,50,1418,Zen Headbutt,Psychic,Hyper Beam,10,14,5,75000
Audino,33.9,531,normal,none,108.4,149.6,205,3323780,50,1902,Zen Headbutt,Disarming Voice,Hyper Beam,8,14,3,50000
Slaking,29,289,normal,none,180,108.4,178,3471096,21,2500,Yawn,Body Slam,Earthquake,3,6,5,75000
