Name,LC Rank,GL Rank,UL Rank,ML Rank,Raid Rank
 Flabébé,,,,,1111.0
5th Anniversary Pikachu,,,,,1075.0
Abomasnow,,84.5,47.0,214.0,462.0
Abra,374.0,,,,881.0
Absol,,736.0,553.0,439.0,399.0
Accelgor,,849.5,618.0,534.0,452.0
Aegislash - Blade,,,,,150.5
Aegislash - Shield ,,,,,933.5
Aerodactyl,,696.5,472.0,380.5,365.0
Aggron,,529.5,316.5,204.0,331.0
Aipom,119.0,794.5,,,891.5
Alakazam,,492.5,403.5,199.5,176.0
Alcremie,,,,,444.0
Alolan Diglett,157.5,,,,1252.0
Alolan Dugtrio,,705.0,,,702.5
Alolan Exeggutor,,551.0,446.5,238.5,247.0
Alolan Geodude,253.5,479.0,,,954.5
Alolan Golem,,328.0,216.5,232.0,284.0
Alolan Graveler,,309.0,461.5,,714.0
Alolan Grimer,122.0,236.5,,,858.5
Alolan Marowak,,260.5,556.0,,725.0
Alolan Meowth,59.5,,,,1197.5
Alolan Muk,,309.0,178.0,182.5,437.0
Alolan Ninetales,,44.0,80.5,190.0,580.0
Alolan Persian,,634.0,,,782.5
Alolan Raichu,,243.0,233.0,441.5,451.0
Alolan Raticate,,164.0,588.0,,813.0
Alolan Rattata,260.0,,,,1190.5
Alolan Sandshrew,53.0,349.0,,,1012.0
Alolan Sandslash,,64.5,58.5,171.5,592.0
Alolan Vulpix,23.0,,,,1195.0
Alomomola,,180.0,205.5,448.5,754.0
Altaria,,18.0,120.5,377.5,691.0
Amaura,,236.5,,,921.0
Ambipom,,815.0,611.5,523.0,446.0
Amoonguss,,465.0,384.0,475.5,660.5
Ampharos,,403.5,233.0,219.5,439.5
Anorith,339.0,859.0,,,895.5
Appletun,,,,,561.5
Araquanid,,91.0,465.0,496.5,851.0
Arbok,,760.0,607.0,,761.5
Arcanine,,483.0,432.0,214.0,290.0
Arceus,,,,,191.0
Archen,228.5,453.5,,,756.5
Archeops,,479.0,387.0,187.5,301.0
Arctovish,,,,,741.0
Arctozolt,,,,,431.0
Ariados,,273.5,,,849.0
Armaldo,,585.5,427.0,331.5,445.0
Armored Mewtwo,,,,,287.5
Aromatisse,,249.5,198.5,328.0,666.0
Aron,131.0,630.5,,,1019.5
Arrokuda,,,,,1240.0
Articuno,,270.0,69.0,80.0,460.0
Ash Greninja,,,,,46.0
Audino,,849.5,641.0,,887.0
Aurorus,,50.5,16.5,134.0,298.0
Avalugg,,298.5,196.5,65.0,349.0
Axew,257.5,841.0,,,933.5
Azelf,,846.5,631.0,471.0,226.0
Azumarill,,34.0,549.0,,930.0
Azurill,59.5,,,,1327.0
Bagon,278.0,,,,1062.5
Baltoy,187.5,,,,1291.0
Banette,,486.5,236.0,,355.0
Barbaracle,,222.0,211.0,295.5,553.0
Barboach,19.0,,,,1233.0
Barraskewda,,,,,502.0
Basculin,,529.5,504.0,,690.0
Bastiodon,,18.0,509.0,,1067.5
Bayleef,,277.0,,,922.0
Beartic,,425.0,381.5,133.0,439.5
Beautifly,,810.5,,,713.0
Beedrill,,243.0,470.0,,659.0
Beheeyem,,791.0,550.5,454.0,325.0
Beldum,369.0,,,,1296.0
Bellossom,,164.0,181.0,384.5,607.0
Bellsprout,311.5,,,,924.0
Bergmite,218.0,731.5,,,1203.0
Bewear,,185.0,156.5,108.5,322.0
Bibarel,,346.0,572.0,,716.0
Bidoof,187.5,,,,1226.0
Binacle,111.0,,,,1253.0
Bisharp,,486.5,355.0,201.0,392.0
Black Kyurem,,,,,24.0
Blastoise,,117.5,50.5,214.0,401.0
Blaziken,,151.5,139.0,165.5,162.0
Blissey,,771.0,489.0,435.5,580.0
Blitzle,318.5,,,,1117.5
Boldore,,710.0,552.0,,699.0
Boltund,,,,,732.0
Bonsly,108.0,286.0,,,989.5
Bouffalant,,453.5,302.0,258.5,601.5
Bounsweet,,,,,1317.0
Braixen,,565.5,,,803.5
Braviary,,753.0,535.0,292.0,265.0
Breloom,,501.5,419.5,340.0,247.0
Brionne,,709.0,604.0,,895.5
Bronzong,,352.5,259.5,455.0,637.5
Bronzor,1.0,,,,1307.0
Bruxish,,352.5,304.0,427.0,557.0
Budew,24.5,,,,1201.5
Buizel,238.0,,,,1152.0
Bulbasaur,187.5,701.5,,,983.0
Buneary,187.5,692.0,,,1089.0
Bunnelby,280.0,,,,1312.0
Burmy,,,,,1331.0
Butterfree,,851.0,,,733.0
Buzzwole,,44.0,26.5,41.0,198.5
Cacnea,347.0,,,,869.5
Cacturne,,796.0,543.0,,373.5
Calyrex,,,,,600.0
Calyrex - Ice Rider,,,,,60.0
Calyrex - Shadow Rider,,,,,16.0
Camerupt,,649.0,427.0,,588.0
Carbink,,1.0,493.0,,1037.0
Carkol,,,,,979.5
Carnivine,,355.5,346.5,465.0,475.0
Carracosta,,381.5,371.5,334.0,454.0
Carvanha,359.0,,,,925.0
Cascoon,,,,,1322.5
Castform,,332.5,,,811.5
Castform (Rainy),,128.0,,,811.5
Castform (Snowy),,112.5,,,840.5
Castform (Sunny),,265.0,,,832.5
Caterpie,246.5,,,,1333.0
Celebi,,492.5,446.5,161.0,254.0
Celesteela,,294.5,220.0,130.0,407.0
Centiskorch,,,,,321.0
Chandelure,,627.0,521.0,195.0,117.0
Chansey,,270.0,640.0,,1135.0
Charizard,,100.0,21.0,147.0,211.0
Charjabug,,286.0,,,830.0
Charmander,204.0,,,,1155.0
Charmeleon,,547.0,,,792.5
Chatot,,830.5,,,625.5
Cherrim (Overcast Form),,,,,688.5
Cherrim (Overcast),,842.0,620.0,,
Cherrim (Sunshine Form),,,,,688.5
Cherrim (Sunshine),,403.5,425.0,,
Cherubi,293.0,,,,1195.0
Chesnaught,,52.0,87.0,107.0,213.0
Chespin,47.5,678.5,,,1084.0
Chewtle,,,,,1077.0
Chikorita,15.0,,,,1122.0
Chimchar,201.0,,,,1164.0
Chimecho,,647.5,498.5,511.0,664.0
Chinchou,38.0,678.5,,,1059.0
Chingling,370.0,,,,1153.0
Cinccino,,718.0,545.5,499.5,538.0
Cinderace,,,,,371.5
Clamperl,113.5,492.5,,,1099.0
Clauncher,187.5,803.0,,,984.0
Clawitzer,,804.5,518.5,392.5,247.0
Claydol,,543.5,561.5,528.0,764.5
Clefable,,104.5,32.0,211.0,526.0
Clefairy,,865.5,,,1169.0
Cleffa,362.0,,,,1285.0
Clobbopus,,,,,1091.0
Cloyster,,428.0,265.0,260.5,525.0
Coalossal,,,,,709.5
Cobalion,,,5.0,62.5,195.0
Cofagrigus,,71.5,48.0,315.0,558.5
Combee,226.5,,,,1304.0
Combusken,,515.0,,,850.0
Comfey,,453.5,412.5,485.0,781.0
Conkeldurr,,349.0,270.5,91.5,136.0
Copperajah,,,,,384.0
Corphish,327.0,858.0,,,1070.5
Corsola,,551.0,,,1036.0
Corviknight,,,,,486.5
Corvisquire,,,,,938.0
Cosmoem,,,,,1337.0
Cosmog,,,,,1338.0
Cottonee,13.0,,,,1265.0
Crabominable,,810.5,598.0,423.0,338.0
Crabrawler,,764.0,,,929.0
Cradily,,70.0,118.0,403.5,684.0
Cramorant,,,,,529.0
Cranidos,375.0,,,,767.0
Crawdaunt,,407.5,284.0,305.5,215.0
Cresselia,,23.0,3.0,115.0,589.0
Croagunk,44.0,,,,1048.0
Crobat,,541.0,302.0,395.5,459.0
Croconaw,,434.5,,,867.5
Crustle,,430.5,151.5,318.5,531.0
Cryogonal,,536.5,390.5,206.0,604.0
Cubchoo,249.5,,,,1112.0
Cubone,125.0,828.5,,,1204.0
Cufant,,,,,999.0
Cursola,,,,,187.0
Cutiefly,,,,,1143.0
Cyndaquil,204.0,,,,1166.5
Darkrai,,,545.5,83.0,133.0
Darmanitan,,,,,152.0
Darmanitan (Standard),,551.0,275.0,185.5,
Darmanitan (Zen Mode),,,,,114.0
Dartrix,,197.5,585.0,,740.0
Darumaka,122.0,484.0,,,874.0
Decidueye,,392.5,410.5,348.5,449.0
Dedenne,,194.5,459.0,,715.0
Deerling,244.0,787.0,,,1067.5
Deino,6.0,,,,1104.5
Delcatty,,521.0,,,992.5
Delibird,,,,,1102.0
Delphox,,450.5,346.5,224.5,174.5
Deoxys,,,,508.0,
Deoxys (Attack Forme),,,,,253.0
Deoxys (Defense Forme),,,,,848.0
Deoxys (Defense),,26.0,45.5,342.5,
Deoxys (Normal Forme),,,,,220.0
Deoxys (Speed Forme),,,,,523.0
Deoxys (Speed),,854.0,630.0,489.0,
Dewgong,,50.5,175.5,336.0,823.0
Dewott,,389.0,,,826.0
Dewpider,,,,,1292.0
Dhelmise,,,,,202.5
Dialga,,,337.0,25.0,85.0
Diancie,,492.5,265.0,254.0,495.0
Diggersby,,41.0,,,957.0
Diglett,330.0,,,,1264.0
Ditto,,,,,1339.0
Dodrio,,760.0,467.0,479.5,477.0
Doduo,301.0,,,,901.0
Donphan,,265.0,200.5,118.0,370.0
Dottler,,,,,1166.5
Doublade,,,,,674.0
Dracovish,,,,,631.0
Dracozolt,,,,,456.0
Dragalge,,164.0,109.5,354.5,533.5
Dragapult,,,,,81.0
Dragonair,,94.0,,,796.0
Dragonite,,109.5,74.0,4.5,99.0
Drakloak,,,,,680.5
Drampa,,,,,287.5
Drapion,,164.0,126.0,309.5,519.5
Dratini,21.5,,,,1093.5
Drednaw,,,,,382.5
Drifblim,,270.0,178.0,287.0,417.0
Drifloon,50.5,476.0,,,937.0
Drilbur,234.5,771.0,,,899.5
Drizzile,,,,,669.0
Drowzee,97.5,807.5,,,1141.0
Druddigon,,212.5,205.5,230.5,393.5
Dubwool,,13.0,20.0,421.5,748.0
Ducklett,7.0,,,,1199.0
Dugtrio,,316.5,,,884.0
Dunsparce,,77.5,536.5,,985.0
Duosion,,864.0,,,653.0
Duraludon,,,,,278.0
Durant,,385.0,310.0,300.5,473.5
Dusclops,,260.5,,,1009.0
Dusknoir,,489.0,367.5,432.0,535.0
Duskull,110.0,,,,1299.0
Dustox,,605.5,,,1107.0
Dwebble,73.5,565.5,,,1061.0
Eelektrik,,551.0,,,799.5
Eelektross,,399.5,422.5,352.0,393.5
Eevee,3.0,729.0,,,1066.0
Eiscue (Ice Face),,,,,735.5
Eiscue (Noice Face),,,,,652.0
Ekans,163.5,,,,1117.5
Eldegoss,,,,,726.5
Electabuzz,,476.0,376.0,482.0,533.5
Electivire,,255.0,190.5,161.0,177.0
Electrike,328.5,,,,1085.5
Electrode,,414.5,401.5,483.5,682.0
Elekid,193.0,705.0,,,977.0
Elgyem,230.0,819.5,,,857.0
Emboar,,588.5,409.0,265.0,167.0
Emolga,,91.0,,,814.0
Empoleon,,173.0,186.0,192.5,169.0
Entei,,529.5,355.0,136.5,154.0
Escavalier,,108.0,67.5,93.5,368.5
Espeon,,639.0,470.0,243.5,170.5
Espurr,207.5,672.0,,,966.5
Eternamax Eternatus,,,,,10.0
Eternatus,,,,,83.5
Excadrill,,112.5,115.0,60.5,212.0
Exeggcute,176.0,674.0,,,1033.0
Exeggutor,,599.5,500.0,327.0,234.0
Exploud,,774.0,550.5,479.5,550.0
Falinks,,74.5,109.5,292.0,528.0
Farfetch'd,,309.0,,,1044.5
Fearow,,787.0,617.0,,617.5
Feebas,360.0,,,,1336.0
Fennekin,193.0,,,,1140.0
Feraligatr,,377.0,343.5,187.5,217.0
Ferroseed,76.0,836.5,,,1235.0
Ferrothorn,,104.5,109.5,352.0,583.5
Finneon,225.0,,,,1242.0
Flaaffy,,743.5,,,897.5
Flabebe,318.5,823.0,,,
Flapple,,,,,414.0
Flareon,,543.5,451.5,292.0,255.0
Fletchinder,,448.0,,,979.5
Fletchling,171.5,,,,1258.0
Floatzel,,766.5,565.0,502.0,480.0
Floette,,346.0,,,912.0
Florges,,270.0,41.5,12.0,426.5
Flygon,,194.5,170.5,272.0,409.0
Flying Pikachu,,,,,1075.0
Fomantis,323.0,,,,1170.0
Foongus,117.0,,,,1124.0
Forretress,,145.0,151.5,369.5,651.0
Fraxure,,260.5,319.5,,488.0
Frillish,178.5,692.0,,,1158.0
Froakie,298.0,,,,1088.0
Frogadier,,630.5,,,794.0
Froslass,,55.0,246.5,,616.0
Frosmoth,,,,,353.5
Furfrou,,501.5,484.5,514.5,784.0
Furret,,470.5,622.5,,809.0
Gabite,,635.5,629.0,,860.0
Galarian Articuno,,470.5,436.0,170.0,118.5
Galarian Darmanitan,,731.5,547.5,248.5,164.0
Galarian Darmanitan (Zen Mode),,,,,37.0
Galarian Darumaka,148.5,657.5,,,911.0
Galarian Farfetch'd,232.0,181.5,,,820.0
Galarian Linoone,,359.5,,,854.0
Galarian Meowth,136.5,,,,1151.0
Galarian Moltres,,185.0,80.5,131.0,273.0
Galarian Mr. Mime,268.0,743.5,602.0,,620.0
Galarian Ponyta,,852.0,,,862.0
Galarian Rapidash,,336.0,313.5,311.0,429.0
Galarian Slowbro,,243.0,165.5,382.5,465.0
Galarian Slowking,,506.0,355.0,345.0,491.0
Galarian Slowpoke,,543.5,,,992.5
Galarian Stunfisk,,3.0,28.0,254.0,724.0
Galarian Weezing,,135.0,53.5,348.5,605.0
Galarian Yamask,344.5,,,,1283.0
Galarian Zapdos,,155.0,120.5,57.0,90.0
Galarian Zigzagoon,10.0,,,,1306.0
Gallade,,208.5,224.5,155.5,238.5
Galvantula,,122.5,115.0,,541.5
Garbodor,,619.5,480.0,499.5,708.0
Garchomp,,573.0,445.0,35.5,82.0
Gardevoir,,372.5,399.0,177.0,238.5
Gastly,294.0,,,,808.0
Gastrodon,,298.5,270.5,338.0,598.5
Genesect,,217.0,198.5,81.5,231.0
Genesect (Burn),,,257.0,54.0,
Genesect (Chill),,,93.5,37.5,
Genesect (Douse),,,99.0,62.5,
Genesect (Shock),,,62.0,64.0,
Genesect - Burn Drive,,,,,231.0
Genesect - Chill Drive,,,,,231.0
Genesect - Douse Drive,,,,,231.0
Genesect - Shock Drive,,,,,231.0
Gengar,,239.0,80.5,148.5,163.0
Geodude,103.5,741.0,,,975.5
Gholdengo,,559.5,364.0,66.0,134.0
Gible,99.0,,,,1147.5
Gigalith,,581.5,412.5,208.5,207.0
Gimmighoul (Roaming Form),,,,,962.5
Girafarig,,332.5,461.5,,603.0
Giratina (Altered Forme),,,,,180.5
Giratina (Altered),,,8.5,3.0,
Giratina (Origin Forme),,,,,87.0
Giratina (Origin),,,50.5,15.5,
Glaceon,,588.5,376.0,111.5,270.0
Glalie,,359.5,335.0,420.0,660.5
Glameow,276.0,,,,1178.5
Glastrier,,,,,165.0
Gligar,54.5,135.0,484.5,,871.5
Gliscor,,27.0,26.5,110.0,549.0
Gloom,,363.0,,,779.0
Gogoat,,,,,327.0
Golbat,,77.5,236.0,,769.0
Goldeen,148.5,790.0,,,1131.0
Golduck,,343.0,267.5,376.0,594.0
Golem,,608.0,319.5,224.5,375.0
Golett,108.0,705.0,,,1028.0
Golisopod,,185.0,31.0,71.0,402.0
Golurk,,585.5,461.5,305.5,336.5
Goodra,,179.0,286.5,88.0,243.0
Goomy,181.0,,,,1220.0
Gorebyss,,839.5,595.0,520.5,598.5
Gossifleur,,,,,1269.5
Gothita,183.5,,,,1146.0
Gothitelle,,594.0,392.5,462.0,536.0
Gothorita,,644.0,,,844.5
Gourgeist (Average),,290.5,257.0,369.5,
Gourgeist (Large),,232.5,253.0,315.0,
Gourgeist (Small),,294.5,289.5,450.0,
Gourgeist (Super),,222.0,236.0,240.0,
Gourgeist - Average Size,,,,,527.0
Gourgeist - Large Size,,,,,470.0
Gourgeist - Small Size,,,,,590.5
Gourgeist - Super Size,,,,,438.0
Granbull,,343.0,306.0,331.5,400.0
Grapploct,,,,,506.0
Graveler,,511.0,547.5,,744.5
Greedent,,212.5,70.0,342.5,702.5
Greninja,,55.0,33.0,125.0,390.0
Grimer,108.0,243.0,,,858.5
Grimmsnarl,,,,,295.0
Grookey,,,,,1005.0
Grotle,,303.0,534.0,,759.0
Groudon,,,359.5,2.0,67.0
Grovyle,,228.0,,,726.5
Growlithe,116.0,524.5,,,1017.5
Grubbin,,,,,1115.5
Grumpig,,753.0,501.5,494.5,564.0
Gulpin,274.5,,,,1251.0
Gumshoos,,826.0,615.5,,613.0
Gurdurr,,346.0,343.5,486.0,773.5
Guzzlord,,44.0,22.5,90.0,189.0
Gyarados,,395.5,127.5,35.5,279.0
Hakamo-o,,77.5,,,824.0
Happiny,342.0,,,,1324.0
Hariyama,,112.5,106.5,167.0,242.0
Hatenna,,,,,1184.5
Hatterene,,,,,291.0
Hattrem,,,,,790.0
Haunter,,286.0,,,435.0
Hawlucha,,140.5,181.0,354.5,250.0
Haxorus,,59.5,115.0,27.0,102.5
Heatmor,,556.0,427.0,472.0,486.5
Heatran,,,205.5,55.0,91.0
Heliolisk,,686.5,449.0,451.0,405.5
Helioptile,341.0,,,,1115.5
Heracross,,189.0,91.0,122.0,275.0
Herdier,,812.5,,,945.5
Hippopotas,197.5,686.5,,,1034.0
Hippowdon,,444.5,293.0,113.0,387.0
Hisuian Arcanine,,619.5,440.5,235.5,257.0
Hisuian Avalugg,,,249.5,52.0,376.0
Hisuian Braviary,,,606.0,475.5,344.0
Hisuian Electrode,,133.0,188.5,456.0,574.0
Hisuian Growlithe,,599.5,,,960.0
Hisuian Qwilfish,,117.5,190.5,,566.0
Hisuian Sneasel,,191.5,220.0,,709.5
Hisuian Voltorb,,,,,1149.5
Hitmonchan,,173.0,123.5,289.5,576.0
Hitmonlee,,281.5,262.5,303.5,496.0
Hitmontop,,94.0,129.0,369.5,692.0
Ho-Oh,,556.0,224.5,39.5,107.0
Honchkrow,,286.0,193.5,241.0,158.0
Honedge,,,,,1013.0
Hoopa,,824.5,611.5,363.0,
Hoopa (Confined),,,,,127.0
Hoopa (Unbound),,,628.0,179.5,45.0
Hoothoot,84.0,,,,1267.0
Hoppip,84.0,,,,1289.5
Horsea,201.0,,,,1149.5
Houndoom,,559.5,401.5,282.5,336.5
Houndour,178.5,760.0,,,951.0
Huntail,,434.5,387.0,440.0,650.0
Hydreigon,,265.0,275.0,32.5,92.0
Hypno,,228.0,310.0,489.0,706.0
Igglybuff,39.0,,,,1275.0
Illumise,,655.0,632.0,,874.0
Impidimp,,,,,1158.0
Incineroar,,506.0,364.0,178.0,367.0
Indeedee (Female),,,,,517.0
Indeedee (Male),,,,,441.0
Infernape,,515.0,355.0,330.0,252.0
Inkay,287.5,,,,1247.0
Inteleon,,,,,269.0
Ivysaur,,212.5,,,728.0
Jangmo-o,5.0,,,,1137.5
Jellicent,,29.0,22.5,267.0,555.5
Jigglypuff,,,,,1189.0
Jirachi,,322.5,280.0,96.5,128.0
Jolteon,,569.0,422.5,338.0,339.5
Joltik,153.5,,,,1133.0
Jumpluff,,100.0,516.5,,936.0
Jynx,,798.0,570.5,477.5,348.0
Kabuto,304.0,705.0,,,1041.0
Kabutops,,562.5,390.5,389.5,510.0
Kadabra,,860.0,,,569.0
Kakuna,,,,,1311.0
Kangaskhan,,624.5,451.5,386.0,677.0
Karrablast,125.0,579.0,,,1007.5
Kartana,,377.0,380.0,148.5,61.0
Kecleon,,655.0,558.5,525.0,840.5
Keldeo,,,,,64.0
Keldeo (Ordinary),,,338.5,70.0,
Kingdra,,462.5,270.5,297.0,442.5
Kingler,,619.5,484.5,373.0,184.0
Kirlia,,,,,1080.0
Klang,,594.0,610.0,,932.0
Kleavor,,,381.5,192.5,314.0
Klefki,,395.5,521.0,,776.0
Klink,87.0,,,,1268.0
Klinklang,,524.5,313.5,346.0,694.5
Koffing,344.5,835.0,,,1003.5
Komala,,848.0,600.5,513.0,621.5
Kommo-o,,33.0,56.0,57.0,266.0
Krabby,335.0,838.0,,,927.0
Kricketot,265.0,,,,1335.0
Kricketune,,389.0,,,775.0
Krokorok,,778.5,,,909.0
Krookodile,,465.0,384.0,101.5,299.0
Kubfu,,,,,670.0
Kyogre,,,405.5,32.5,68.0
Kyurem,,,34.0,8.0,78.0
Lairon,,569.0,509.0,506.0,719.5
Lampent,,722.0,,,879.0
Landorus (Incarnate Forme),,,,,182.0
Landorus (Incarnate),,,243.0,29.0,
Landorus (Therian Forme),,,,,156.0
Landorus (Therian),,,332.0,26.0,
Lanturn,,21.0,77.5,366.0,711.0
Lapras,,155.0,76.0,163.0,548.0
Larvesta,265.0,655.0,,,834.0
Larvitar,226.5,,,,1144.0
Latias,,573.0,429.0,115.0,202.5
Latios,,303.0,291.0,52.0,108.0
Leafeon,,249.5,284.0,195.0,333.0
Leavanny,,359.5,275.0,317.0,368.5
Ledian,,381.5,,,1019.5
Ledyba,84.0,,,,1289.5
Lickilicky,,117.5,85.0,250.5,640.5
Lickitung,30.0,9.0,,,1017.5
Liepard,,692.0,,,701.0
Lileep,29.0,205.0,,,1026.5
Lilligant,,747.0,554.5,536.0,507.0
Lillipup,278.0,,,,1211.0
Linoone,,249.5,,,883.0
Litleo,178.5,352.5,,,891.5
Litten,221.0,,,,1093.5
Litwick,66.5,,,,1206.0
Lombre,,599.5,,,1000.5
Lopunny,,389.0,440.5,507.0,704.5
Lotad,26.0,,,,1301.0
Loudred,,781.0,,,926.0
Lucario,,74.5,62.0,164.0,131.0
Ludicolo,,389.0,302.0,403.5,615.0
Lugia,,318.5,151.5,15.5,53.0
Lumineon,,441.0,595.0,,914.0
Lunala,,,539.0,101.5,59.0
Lunatone,,725.5,505.5,504.5,512.5
Lurantis,,37.0,151.5,298.0,469.0
Luvdisc,,,,,1282.0
Luxio,,316.5,,,773.5
Luxray,,194.5,296.0,203.0,256.0
Lycanroc (Dusk Form),,,,,433.5
Lycanroc (Midday Form),,,,,433.5
Lycanroc (Midday),,784.0,532.0,468.0,
Lycanroc (Midnight Form),,,,,442.5
Lycanroc (Midnight),,277.0,319.5,258.5,
Machamp,,37.0,85.0,105.5,180.5
Machoke,,131.0,349.5,,571.0
Machop,70.0,395.5,,,962.5
Magby,238.0,583.5,,,959.0
Magcargo,,395.5,581.5,,838.0
Magikarp,377.0,,,,1340.0
Magmar,,497.0,384.0,463.5,590.5
Magmortar,,438.5,341.0,174.0,293.0
Magnemite,259.0,313.0,,,899.5
Magneton,,297.0,231.0,321.0,471.0
Magnezone,,212.5,202.5,144.5,193.0
Makuhita,267.0,,,,1219.0
Malamar,,205.0,173.0,335.0,596.0
Mamoswine,,257.0,229.0,21.0,145.5
Manaphy,,,,,324.0
Mandibuzz,,55.0,56.0,274.5,744.5
Manectric,,448.0,325.5,447.0,362.0
Mankey,241.0,725.5,,,1031.0
Mantine,,48.0,72.0,399.0,853.0
Mantyke,197.5,515.0,,,1173.0
Maractus,,734.0,530.0,522.0,595.0
Mareanie,,,,,1217.0
Mareep,41.0,,,,1073.0
Marill,,,,,1318.0
Marowak,,411.0,568.0,,837.0
Marshtomp,,126.0,524.5,,780.0
Masquerain,,639.0,440.5,466.5,770.0
Mawile,,403.5,,,806.0
Medicham,,7.0,,,897.5
Meditite,93.0,,,,1286.0
Mega Abomasnow,,,,,150.5
Mega Absol,,,,,145.5
Mega Aerodactyl,,,,,80.0
Mega Aggron,,,,,139.0
Mega Alakazam,,,,,17.0
Mega Altaria,,,,,297.0
Mega Ampharos,,,,,129.0
Mega Audino,,,,,614.0
Mega Banette,,,,,42.0
Mega Beedrill,,,,,86.0
Mega Blastoise,,,,,41.0
Mega Blaziken,,,,,13.0
Mega Camerupt,,,,,236.0
Mega Charizard X,,,,,50.0
Mega Charizard Y,,,,,15.0
Mega Diancie,,,,,39.0
Mega Gallade,,,,,28.0
Mega Garchomp,,,,,7.0
Mega Gardevoir,,,,,29.5
Mega Gengar,,,,,14.0
Mega Glalie,,,,,188.0
Mega Gyarados,,,,,56.0
Mega Heracross,,,,,23.0
Mega Houndoom,,,,,72.0
Mega Kangaskhan,,,,,306.0
Mega Latias,,,,,36.0
Mega Latios,,,,,18.0
Mega Lopunny,,,,,116.0
Mega Lucario,,,,,11.0
Mega Manectric,,,,,66.0
Mega Mawile,,,,,541.5
Mega Medicham,,,,,385.5
Mega Metagross,,,,,12.0
Mega Mewtwo X,,,,,3.0
Mega Mewtwo Y,,,,,2.0
Mega Pidgeot,,,,,74.0
Mega Pinsir,,,,,106.0
Mega Rayquaza,,,,,1.0
Mega Sableye,,,,,746.5
Mega Salamence,,,,,20.0
Mega Sceptile,,,,,19.0
Mega Scizor,,,,,160.0
Mega Sharpedo,,,,,185.5
Mega Slowbro,,,,,168.0
Mega Steelix,,,,,292.0
Mega Swampert,,,,,21.0
Mega Tyranitar,,,,,9.0
Mega Venusaur,,,,,71.0
Meganium,,39.0,58.5,206.0,418.0
Melmetal,,232.5,169.0,30.0,123.0
Meloetta (Aria Forme),,,,,135.0
Meloetta (Aria),,,389.0,7.0,
Meloetta (Pirouette Forme),,,,,110.0
Meltan,289.0,846.5,,,1192.0
Meowstic (Female),,712.5,557.0,530.0,
Meowstic (Male),,715.0,560.0,531.0,
Meowstic - Female,,,,,634.5
Meowstic - Male,,,,,634.5
Meowth,79.5,,,,1200.0
Mesprit,,822.0,590.0,384.5,378.0
Metagross,,615.0,417.0,42.5,63.0
Metang,,599.5,633.5,,810.0
Metapod,,,,,1334.0
Mew,,71.5,139.0,52.0,285.0
Mewtwo,,,376.0,11.0,25.0
Mewtwo (Armored),,,103.0,104.0,
Mienfoo,354.0,865.5,,,954.5
Mienshao,,652.0,480.0,430.0,379.0
Mightyena,,632.5,599.0,,738.5
Milcery,,,,,1225.0
Milotic,,372.5,145.0,118.0,421.0
Miltank,,140.5,67.5,307.5,730.0
Mime (Jr),218.0,,,,
Mime Jr.,,,,,1042.5
Mimikyu,,,,,519.5
Minccino,151.5,,,,1215.0
Minior (Core),,,,,555.5
Minior (Meteor Form),,,,,1002.0
Minun,,399.5,,,828.5
Misdreavus,296.5,705.0,626.0,,831.0
Mismagius,,669.0,457.5,418.0,371.5
Moltres,,138.0,62.0,57.0,109.0
Monferno,,573.0,,,876.5
Morelull,,,,,1184.5
Morgrem,,,,,847.0
Morpeko,,,,,563.0
Mothim,,801.0,,,666.0
Mr. Mime,,781.0,558.5,518.5,560.0
Mr. Rime,,699.0,397.0,182.5,334.0
Mudbray,,,,,746.5
Mudkip,207.5,,,,1054.0
Mudsdale,,,,,358.0
Muk,,303.0,134.0,274.5,448.0
Munchlax,65.0,55.0,461.5,503.0,835.5
Munna,363.0,863.0,,,1100.5
Murkrow,284.0,612.0,,,738.5
Musharna,,824.5,574.0,470.0,571.0
Natu,241.0,,,,1010.0
Nickit,,,,,1273.0
Nidoking,,506.0,454.0,410.0,436.0
Nidoqueen,,149.0,74.0,263.0,524.0
Nidoran Female,47.5,,,,
Nidoran Male,77.5,,,,
Nidoran♀,,,,,1216.0
Nidoran♂,,,,,1155.0
Nidorina,,420.0,,,982.0
Nidorino,,479.0,,,871.5
Nihilego,,,246.5,81.5,102.5
Nincada,77.5,,,,1257.0
Ninetales,,164.0,145.0,407.5,551.0
Ninjask,,565.5,,,617.5
Noctowl,,21.0,88.5,379.0,663.0
Noibat,165.5,,,,1284.0
Noivern,,828.5,565.0,473.0,457.0
Nosepass,27.5,787.0,,,1213.5
Numel,197.5,,,,1126.5
Nuzleaf,,434.5,,,894.0
Obstagoon,,88.0,52.0,118.0,546.5
Octillery,,731.5,530.0,527.0,693.0
Oddish,33.5,529.5,,,956.0
Omanyte,257.5,669.0,,,923.0
Omastar,,403.5,346.5,324.5,420.0
Onix,17.0,619.5,,,1187.5
Oranguru,,399.5,224.5,373.0,540.0
Orbeetle,,,,,657.0
Oricorio (Baile Style),,,,,674.0
Oricorio (Baile),,776.0,524.5,517.0,
Oricorio (Pa'u Style),,,,,674.0
Oricorio (Pa'u),,792.5,591.0,525.0,
Oricorio (Pom-Pom Style),,,,,674.0
Oricorio (Pom-Pom),,728.0,512.5,512.0,
Oricorio (Sensu Style),,,,,674.0
Oricorio (Sensu),,743.5,565.0,518.5,
Oshawott,91.5,,,,1109.5
Overqwil,,143.0,109.5,146.0,281.0
Pachirisu,,86.0,,,1106.0
Palkia,,,355.0,24.0,75.0
Palossand,,385.0,262.5,309.5,492.0
Palpitoad,,385.0,,,943.5
Pancham,248.0,675.5,,,1024.0
Pangoro,,176.5,208.5,132.0,398.0
Panpour,129.5,,,,1130.0
Pansage,223.5,,,,1147.5
Pansear,221.0,,,,1197.5
Paras,187.5,,,,1095.0
Parasect,,543.5,588.0,,696.5
Passimian,,62.5,103.0,140.5,300.0
Patrat,193.0,,,,1175.0
Pawniard,54.5,438.5,,,952.5
Pelipper,,6.0,45.5,407.5,612.0
Perrserker,,100.0,112.5,270.5,609.0
Persian,,740.0,,,777.0
Petilil,144.0,,,,1142.0
Phanpy,313.5,749.5,,,1119.0
Phantump,356.5,,,,1003.5
Pheromosa,,,,441.5,143.0
Phione,,,,,832.5
Pichu,232.0,,,,1300.0
Pidgeot,,28.0,10.0,469.0,611.0
Pidgeotto,,718.0,,,1114.0
Pidgey,161.5,,,,1278.0
Pidove,241.0,,,,1241.0
Pignite,,599.5,585.0,,742.0
Pikachu,,,,,1075.0
Pikachu Libre,,,,,1029.5
Pikipek,285.0,,,,1029.5
Piloswine,,176.5,163.5,211.0,537.0
Pincurchin,,,,,707.0
Pineco,210.5,853.0,,,1092.0
Pinsir,,243.0,229.0,198.0,366.0
Piplup,157.5,798.0,,,1166.5
Plusle,,539.5,,,759.0
Politoed,,153.0,41.5,243.5,514.0
Poliwag,122.0,,,,1231.5
Poliwhirl,,290.5,,,997.5
Poliwrath,,40.0,24.0,211.0,415.5
Polteageist,,,,,192.0
Ponyta,213.0,506.0,,,918.0
Poochyena,262.5,,,,1249.5
Pop Star Pikachu,,,,,1209.0
Popplio,364.0,757.0,,,1083.0
Porygon,296.5,529.5,,,786.0
Porygon-Z,,777.0,521.0,175.5,237.0
Porygon2,,453.5,211.0,265.0,481.0
Primal Groudon,,,,,5.0
Primal Kyogre,,,,,4.0
Primarina,,338.5,253.0,99.5,323.0
Primeape,,112.5,106.5,312.5,567.5
Prinplup,,476.0,,,885.0
Probopass,,176.5,281.5,427.0,792.5
Psyduck,101.0,,,,1069.0
Pumpkaboo (Average),349.0,448.0,,,
Pumpkaboo (Large),336.0,422.5,,,
Pumpkaboo (Small),352.0,492.5,,,
Pumpkaboo (Super),333.0,381.5,,,
Pumpkaboo - Average Size,,,,,981.0
Pumpkaboo - Large Size,,,,,972.0
Pumpkaboo - Small Size,,,,,989.5
Pumpkaboo - Super Size,,,,,970.0
Pupitar,,830.5,,,886.0
Purrloin,89.0,,,,1230.0
Purugly,,561.0,578.0,,764.5
Pyroar,,470.5,349.5,260.5,311.5
Pyukumuku,,,,,1234.0
Quagsire,,21.0,186.0,389.5,772.0
Quilava,,599.5,,,865.5
Quilladin,,200.0,,,902.0
Qwilfish,,222.0,369.5,,717.0
Raboot,,,,,798.0
Raichu,,222.0,224.5,,500.5
Raikou,,150.0,95.0,86.5,153.0
Ralts,153.5,,,,1294.0
Rampardos,,768.5,577.0,387.5,140.0
Rapidash,,434.5,299.0,361.0,554.0
Raticate,,499.5,,,737.0
Rattata,73.5,,,,1190.5
Rayquaza,,277.0,136.0,14.0,8.0
Regice,,44.0,36.0,128.5,498.5
Regidrago,,766.5,593.0,430.0,314.0
Regieleki,,681.5,478.0,403.5,373.5
Regigigas,,,638.0,171.5,55.0
Regirock,,24.0,6.0,68.0,476.0
Registeel,,2.0,1.0,95.0,731.0
Relicanth,,253.5,181.0,300.5,646.0
Remoraid,311.5,,,,1218.0
Reshiram,,,293.0,17.0,35.0
Reuniclus,,862.0,626.0,491.5,424.5
Rhydon,,681.5,509.0,229.0,317.0
Rhyhorn,140.0,747.0,,,939.0
Rhyperior,,672.0,503.0,105.5,115.0
Ribombee,,696.5,433.5,,546.5
Rillaboom,,,,,173.0
Riolu,44.0,,,,1096.0
Rock Star Pikachu,,,,,1124.0
Rockruff,105.5,,,,1178.5
Roggenrola,119.0,722.0,,,1049.0
Rolycoly,,,,,1293.0
Rookidee,,,,,1254.0
Roselia,,715.0,,,640.5
Roserade,,370.0,139.0,185.5,210.0
Rotom,,,,,658.0
Rotom (Frost),,683.5,395.5,434.0,
Rotom (Mow),,686.5,515.0,453.0,
Rotom (Wash),,534.0,376.0,412.5,
Rotom Fan,,,,,518.0
Rotom Frost,,,,,484.0
Rotom Heat,,,,,465.0
Rotom Mow,,,,,484.0
Rotom Wash,,,,,484.0
Rowlet,129.5,817.0,,,1136.0
Rufflet,223.5,305.5,,,817.0
Runerigus,,109.5,80.5,284.5,558.5
Sableye,,11.0,,,865.5
Salamence,,749.5,561.5,173.0,79.0
Salandit,193.0,,,,997.5
Salazzle,,332.5,253.0,446.0,493.5
Samurott,,96.0,220.0,138.0,159.0
Sandaconda,,,,,423.0
Sandile,201.0,,,,1065.0
Sandshrew,213.0,650.0,,,1060.0
Sandslash,,340.5,299.0,326.0,666.0
Sandygast,,556.0,,,961.0
Sawk,,662.0,454.0,377.5,424.5
Sawsbuck,,784.0,527.5,494.5,575.0
Scatterbug,,,,,1326.0
Sceptile,,191.5,214.0,274.5,200.0
Scizor,,366.5,293.0,168.5,385.5
Scolipede,,411.0,151.5,412.5,432.0
Scorbunny,,,,,1056.5
Scrafty,,10.0,29.0,254.0,621.5
Scraggy,140.0,460.0,,,949.0
Scyther,161.5,619.5,440.5,362.0,403.0
Seadra,,839.5,624.0,,699.0
Seaking,,236.5,156.5,397.0,756.5
Sealeo,,197.5,574.0,,889.0
Seedot,94.5,,,,1276.0
Seel,4.0,644.0,,,1222.0
Seismitoad,,366.5,249.5,278.5,497.0
Sentret,24.5,,,,1277.0
Serperior,,80.0,88.5,323.0,465.0
Servine,,232.5,,,880.0
Seviper,,414.5,399.0,,788.5
Sewaddle,218.0,,,,1186.0
Shadow Abomasnow,,48.0,36.0,217.0,307.0
Shadow Abra,373.0,,,,752.5
Shadow Absol,,722.0,496.0,410.0,245.0
Shadow Aerodactyl,,579.0,467.0,418.0,201.0
Shadow Aggron,,432.0,330.0,234.0,178.0
Shadow Aipom,66.5,708.0,,,964.0
Shadow Alakazam,,462.5,421.0,179.5,69.0
Shadow Alolan Diglett,321.0,,,,1212.0
Shadow Alolan Dugtrio,,647.5,,,571.0
Shadow Alolan Exeggutor,,470.5,440.5,238.5,121.0
Shadow Alolan Geodude,57.0,444.5,,,844.5
Shadow Alolan Golem,,349.0,202.5,235.5,141.0
Shadow Alolan Graveler,,309.0,436.0,,567.5
Shadow Alolan Grimer,11.0,243.0,,,722.5
Shadow Alolan Marowak,,164.0,541.0,,578.0
Shadow Alolan Muk,,249.5,188.5,199.5,283.0
Shadow Alolan Ninetales,,37.0,39.0,157.0,405.5
Shadow Alolan Raticate,,222.0,592.0,,704.5
Shadow Alolan Rattata,290.5,,,,1128.5
Shadow Alolan Sandshrew,313.5,352.5,,,916.0
Shadow Alolan Sandslash,,30.0,41.5,142.5,426.5
Shadow Alolan Vulpix,292.0,,,,
Shadow Ambipom,,747.0,595.0,498.0,350.0
Shadow Amoonguss,,599.5,403.5,496.5,473.5
Shadow Ampharos,,363.0,186.0,221.0,343.0
Shadow Anorith,328.5,855.0,,,815.0
Shadow Arbok,,778.5,613.5,,632.0
Shadow Arcanine,,524.5,313.5,222.0,144.0
Shadow Armaldo,,486.5,394.0,329.0,342.0
Shadow Aron,133.5,583.5,,,931.0
Shadow Articuno,,313.0,132.0,85.0,314.0
Shadow Bagon,272.0,,,,1025.0
Shadow Banette,,573.0,325.5,,185.5
Shadow Bayleef,,169.5,,,801.0
Shadow Beedrill,,106.5,430.5,,489.0
Shadow Beldum,367.0,,,,1313.0
Shadow Bellossom,,164.0,183.5,395.5,419.0
Shadow Bellsprout,309.5,,,,791.0
Shadow Bibarel,,366.5,570.5,,593.0
Shadow Bidoof,232.0,,,,1182.0
Shadow Blastoise,,169.5,112.5,246.0,240.0
Shadow Blaziken,,117.5,123.5,144.5,57.0
Shadow Blitzle,343.0,,,,1006.0
Shadow Boldore,,,,,539.0
Shadow Bulbasaur,221.0,712.5,,,869.5
Shadow Cacnea,351.0,,,,735.5
Shadow Cacturne,,834.0,574.0,,195.0
Shadow Camerupt,,692.0,487.5,,410.0
Shadow Carvanha,361.0,,,,822.0
Shadow Charizard,,91.0,44.0,154.0,93.0
Shadow Charmander,148.5,,,,1042.5
Shadow Charmeleon,,506.0,,,654.5
Shadow Chikorita,174.5,,,,1022.0
Shadow Cloyster,,422.5,307.5,270.5,361.0
Shadow Combusken,,518.5,,,
Shadow Cradily,,81.5,142.5,424.5,511.0
Shadow Crobat,,536.5,286.5,387.5,303.0
Shadow Croconaw,,420.0,,,852.0
Shadow Cubone,84.0,817.0,,,1161.0
Shadow Cyndaquil,148.5,,,,1046.5
Shadow Delibird,,,,,992.5
Shadow Diglett,213.0,,,,1223.0
Shadow Donphan,,217.0,261.0,136.5,214.0
Shadow Dragonair,,84.5,,,683.0
Shadow Dragonite,,58.0,41.5,22.0,31.0
Shadow Drapion,,73.0,93.5,280.5,356.0
Shadow Dratini,16.0,,,,1082.0
Shadow Drifblim,,265.0,156.5,289.5,235.0
Shadow Drifloon,287.5,457.5,,,816.0
Shadow Drowzee,91.5,817.0,,,1032.0
Shadow Ducklett,63.0,,,,1108.0
Shadow Dugtrio,,665.5,,,766.0
Shadow Dusclops,,300.5,,,996.0
Shadow Dusknoir,,579.0,364.0,437.0,597.0
Shadow Duskull,207.5,,,,1295.0
Shadow Ekans,255.5,,,,1016.0
Shadow Electabuzz,,359.5,243.0,458.5,363.0
Shadow Electivire,,253.5,156.5,158.5,70.0
Shadow Electrike,339.0,,,,978.0
Shadow Electrode,,377.0,367.5,481.0,515.5
Shadow Entei,,599.5,417.0,123.0,58.0
Shadow Exeggcute,215.5,644.0,,,928.0
Shadow Exeggutor,,605.5,482.0,324.5,101.0
Shadow Exploud,,753.0,581.5,489.0,679.0
Shadow Feraligatr,,336.0,364.0,217.0,100.0
Shadow Flaaffy,,738.5,,,768.0
Shadow Flygon,,143.0,123.5,237.0,241.0
Shadow Foongus,324.0,,,,1014.0
Shadow Forretress,,208.5,200.5,333.0,482.0
Shadow Gabite,,573.0,626.0,,
Shadow Gallade,,281.5,246.5,152.0,111.5
Shadow Galvantula,,185.0,71.0,,
Shadow Garchomp,,539.5,436.0,72.0,27.0
Shadow Gardevoir,,222.0,305.0,120.5,111.5
Shadow Geodude,70.0,672.0,,,861.0
Shadow Gible,136.5,,,,
Shadow Gigalith,,,,,96.0
Shadow Girafarig,,200.0,440.5,,415.5
Shadow Glameow,316.0,,,,
Shadow Gligar,73.5,122.5,456.0,,795.0
Shadow Gliscor,,48.0,15.0,202.0,396.5
Shadow Gloom,,249.5,,,639.0
Shadow Golbat,,59.5,216.5,,628.0
Shadow Golduck,,332.5,284.0,373.0,429.0
Shadow Golem,,662.0,516.5,392.5,221.0
Shadow Golett,350.0,659.5,,,995.0
Shadow Golurk,,538.0,454.0,268.5,170.5
Shadow Granbull,,207.0,238.5,274.5,224.0
Shadow Graveler,,628.5,579.0,,608.0
Shadow Grimer,103.5,189.0,,,722.5
Shadow Grotle,,294.5,512.5,,625.5
Shadow Grovyle,,236.5,,,
Shadow Growlithe,113.5,444.5,,,905.0
Shadow Grumpig,,798.0,527.5,520.5,
Shadow Gyarados,,372.5,99.0,19.5,142.0
Shadow Hariyama,,151.5,173.0,165.5,105.0
Shadow Hippopotas,140.0,692.0,,,973.0
Shadow Hippowdon,,499.5,346.5,99.5,218.0
Shadow Hitmonchan,,124.5,134.0,284.5,447.0
Shadow Hitmonlee,,305.5,265.0,318.5,388.5
Shadow Hitmontop,,147.0,175.5,358.0,
Shadow Ho-Oh,,644.0,275.0,42.5,49.0
Shadow Honchkrow,,322.5,167.0,227.5,52.0
Shadow Hoppip,105.5,,,,1259.0
Shadow Horsea,174.5,,,,1040.0
Shadow Houndoom,,481.5,359.5,262.0,174.5
Shadow Houndour,140.0,738.5,,,826.0
Shadow Hypno,,322.5,424.0,491.5,545.0
Shadow Ivysaur,,328.0,,,582.0
Shadow Joltik,325.5,,,,
Shadow Jumpluff,,88.0,524.5,,828.5
Shadow Kabuto,,,,,945.5
Shadow Kabutops,,,,,352.0
Shadow Kadabra,,,,,396.5
Shadow Kakuna,,,,,1329.0
Shadow Kangaskhan,,,,,503.0
Shadow Kingdra,,521.0,364.0,348.5,280.0
Shadow Kirlia,,,,,974.0
Shadow Koffing,355.0,844.5,,,904.0
Shadow Lairon,,492.5,496.0,487.0,580.0
Shadow Lapras,,173.0,74.0,155.5,380.0
Shadow Larvitar,171.5,,,,1090.0
Shadow Latias,,515.0,474.0,175.5,94.0
Shadow Latios,,228.0,243.0,45.0,34.0
Shadow Ledian,,414.5,,,920.0
Shadow Ledyba,112.0,,,,1262.0
Shadow Liepard,,639.0,,,561.5
Shadow Lileep,165.5,442.0,,,919.0
Shadow Loudred,,753.0,,,906.0
Shadow Lugia,,411.0,183.5,9.5,33.0
Shadow Luxio,,313.0,,,627.0
Shadow Luxray,,194.5,130.5,189.0,118.5
Shadow Machamp,,16.0,53.5,93.5,76.0
Shadow Machoke,,131.0,289.5,,391.0
Shadow Machop,133.5,417.5,,,893.0
Shadow Magikarp,379.0,,,,1341.0
Shadow Magmar,,277.0,253.0,392.5,413.0
Shadow Magmortar,,338.5,233.0,181.0,157.0
Shadow Magnemite,299.0,243.0,,,782.5
Shadow Magneton,,200.0,170.5,300.5,316.0
Shadow Magnezone,,169.5,127.5,127.0,88.0
Shadow Makuhita,236.0,,,,1162.5
Shadow Mamoswine,,318.5,224.5,32.5,48.0
Shadow Manectric,,457.5,319.5,414.5,190.0
Shadow Mareep,84.0,,,,965.0
Shadow Marowak,,399.5,580.0,,718.0
Shadow Marshtomp,,138.0,518.5,,644.0
Shadow Mawile,,407.5,,,668.0
Shadow Meganium,,68.5,30.0,250.5,261.0
Shadow Meowth,44.0,,,,1177.0
Shadow Metagross,,635.5,433.5,69.0,22.0
Shadow Metang,,652.0,635.0,,671.0
Shadow Mewtwo,,369.0,325.5,6.0,6.0
Shadow Mightyena,,639.0,600.5,,637.5
Shadow Misdreavus,317.0,665.5,613.5,,785.0
Shadow Mismagius,,743.5,457.5,392.5,206.0
Shadow Moltres,,131.0,208.5,125.0,32.0
Shadow Mudkip,171.5,,,,1052.0
Shadow Muk,,265.0,139.0,248.5,294.0
Shadow Murkrow,270.0,678.5,,,577.0
Shadow Natu,255.5,,,,888.0
Shadow Nidoking,,481.5,407.5,430.0,276.0
Shadow Nidoqueen,,155.0,65.5,254.0,351.0
Shadow Nidoran Female,35.0,,,,
Shadow Nidoran Male,101.0,,,,
Shadow Nidoran♀,,,,,1126.5
Shadow Nidoran♂,,,,,1038.0
Shadow Nidorina,,322.5,,,863.5
Shadow Nidorino,,529.5,,,749.0
Shadow Ninetales,,146.0,118.0,382.5,377.0
Shadow Nosepass,33.5,814.0,,,1132.0
Shadow Numel,169.0,,,,1062.5
Shadow Nuzleaf,,438.5,,,761.5
Shadow Oddish,19.0,417.5,,,842.5
Shadow Omanyte,272.0,588.5,,,842.5
Shadow Omastar,,377.0,322.5,300.5,264.0
Shadow Onix,37.0,639.0,,,1078.0
Shadow Patrat,135.0,,,,1100.5
Shadow Persian,,736.0,,,755.0
Shadow Phanpy,307.5,720.0,,,1053.0
Shadow Piloswine,,202.5,165.5,217.0,359.0
Shadow Pineco,151.5,819.5,,,1139.0
Shadow Pinsir,,189.0,151.5,158.5,208.5
Shadow Politoed,,77.5,62.0,247.0,346.0
Shadow Poliwag,115.0,,,,1205.0
Shadow Poliwhirl,,270.0,,,941.0
Shadow Poliwrath,,8.0,25.0,233.0,302.0
Shadow Poochyena,322.0,,,,1221.0
Shadow Porygon,365.0,718.0,,,721.0
Shadow Porygon-Z,,784.0,539.0,184.0,148.0
Shadow Porygon2,,524.5,307.5,321.0,364.0
Shadow Probopass,,260.5,257.0,421.5,662.0
Shadow Psyduck,101.0,,,,975.5
Shadow Pupitar,,804.5,,,803.5
Shadow Purrloin,163.5,,,,1181.0
Shadow Purugly,,547.0,543.0,,
Shadow Quagsire,,12.0,193.5,399.0,649.0
Shadow Quilava,,605.5,,,743.0
Shadow Raikou,,88.0,139.0,78.5,51.0
Shadow Ralts,96.0,,,,1269.5
Shadow Raticate,,686.5,,,629.0
Shadow Rattata,193.0,,,,1128.5
Shadow Regice,,222.0,85.0,115.0,347.0
Shadow Regirock,,31.5,11.5,59.0,332.0
Shadow Registeel,,18.0,4.0,161.0,633.0
Shadow Roggenrola,,,,,947.5
Shadow Sableye,,83.0,,,750.5
Shadow Salamence,,652.0,536.5,150.5,26.0
Shadow Sandshrew,251.5,659.5,,,1011.0
Shadow Sandslash,,372.5,278.5,348.5,515.5
Shadow Sawk,,624.5,487.5,403.5,277.0
Shadow Sceptile,,138.0,160.5,277.0,89.0
Shadow Scizor,,322.5,259.5,150.5,222.5
Shadow Scyther,207.5,515.0,387.0,338.0,320.0
Shadow Seadra,,806.0,621.0,,565.0
Shadow Sealeo,,158.5,563.0,,839.0
Shadow Seedot,144.0,,,,1243.0
Shadow Sharpedo,,565.5,464.0,,328.0
Shadow Shelgon,,569.0,554.5,,601.5
Shadow Shellder,265.0,,,,1120.0
Shadow Shiftry,,135.0,159.0,243.5,228.0
Shadow Shinx,346.0,,,,1015.0
Shadow Shuckle,,,,,1325.0
Shadow Shuppet,320.0,,,,1039.0
Shadow Skarmory,,117.5,162.0,403.5,467.0
Shadow Skiploom,,,,,1044.5
Shadow Skorupi,52.0,757.0,,,1058.0
Shadow Skuntank,,228.0,99.0,303.5,305.0
Shadow Slowbro,,322.5,267.5,366.0,318.5
Shadow Slowking,,309.0,238.5,366.0,318.5
Shadow Slowpoke,94.5,692.0,,,867.5
Shadow Sneasel,282.5,675.5,512.5,,411.0
Shadow Snorlax,,106.5,103.0,32.5,222.5
Shadow Snover,286.0,692.0,,,986.5
Shadow Snubbull,132.0,753.0,,,835.5
Shadow Spheal,47.5,,,,1158.0
Shadow Spoink,378.0,867.5,,,917.0
Shadow Squirtle,157.5,,,,1145.0
Shadow Stantler,,612.0,480.0,,472.0
Shadow Staraptor,,486.5,270.5,278.5,104.0
Shadow Staravia,,392.5,,,778.0
Shadow Starly,282.5,,,,1155.0
Shadow Steelix,,158.5,14.0,226.0,544.0
Shadow Stunky,12.0,699.0,,,855.5
Shadow Sudowoodo,,228.0,205.5,410.0,505.0
Shadow Suicune,,619.5,376.0,135.0,360.0
Shadow Swampert,,4.0,7.0,48.0,73.0
Shadow Swanna,,768.5,597.0,,610.0
Shadow Swinub,61.0,,,,1245.5
Shadow Tangela,307.5,521.0,376.0,463.5,329.0
Shadow Tangrowth,,212.5,147.5,140.5,124.0
Shadow Teddiursa,305.5,624.5,,,855.5
Shadow Throh,,843.0,609.0,525.0,
Shadow Torchic,157.5,,,,
Shadow Torterra,,328.0,405.5,257.0,130.0
Shadow Totodile,157.5,812.5,,,1080.0
Shadow Trapinch,353.0,771.0,,,910.0
Shadow Treecko,325.5,,,,
Shadow Turtwig,21.5,497.0,,,947.5
Shadow Typhlosion,,465.0,196.5,227.5,113.0
Shadow Tyranitar,,506.0,341.0,78.5,29.5
Shadow Unfezant,,,,,155.0
Shadow Ursaluna,,731.5,501.5,39.5,54.0
Shadow Ursaring,,511.0,278.5,168.5,197.0
Shadow Venomoth,,612.0,490.0,,458.0
Shadow Venonat,127.5,,,,1072.0
Shadow Venusaur,,117.5,56.0,223.0,132.0
Shadow Vibrava,,506.0,,,952.5
Shadow Victreebel,,217.0,296.0,416.0,227.0
Shadow Vileplume,,281.5,335.0,375.0,262.0
Shadow Voltorb,315.0,,,,1021.0
Shadow Vulpix,79.5,,,,1056.5
Shadow Wailmer,376.0,290.5,,,821.0
Shadow Wailord,,381.5,299.0,444.0,339.5
Shadow Walrein,,14.0,13.0,74.0,335.0
Shadow Wartortle,,605.5,,,876.5
Shadow Watchog,,789.0,,,654.5
Shadow Weavile,,470.5,288.0,96.5,77.0
Shadow Weedle,215.5,,,,1321.0
Shadow Weepinbell,,407.5,,,509.0
Shadow Weezing,,699.0,470.0,516.0,412.0
Shadow Whismur,371.0,,,,1171.5
Shadow Wobbuffet,,328.0,,,1245.5
Shadow Wooper,8.0,,,,1255.5
Shadow Xatu,,792.5,603.0,532.0,532.0
Shadow Zapdos,,128.0,36.0,49.0,65.0
Shadow Zebstrika,,205.0,147.5,352.0,216.0
Shadow Zubat,42.0,,,,1207.0
Sharpedo,,662.0,512.5,,461.0
Shaymin (Land Forme),,,,,296.0
Shaymin (Land),,870.0,639.0,501.0,
Shaymin (Sky Forme),,,,,138.0
Shaymin (Sky),,861.0,633.5,356.5,
Shdow Alolan Vulpix,,,,,1195.0
Shedinja,,,,,1315.0
Shelgon,,366.5,524.5,,719.5
Shellder,244.0,,,,1183.0
Shellos,262.5,764.0,,,1228.0
Shelmet,14.0,,,,1266.0
Shieldon,27.5,,,,1255.5
Shiftry,,181.5,178.0,282.5,408.0
Shiinotic,,794.5,636.0,,913.0
Shinx,333.0,,,,1121.0
Shroomish,50.5,,,,1236.5
Shuckle,,,,,1328.0
Shuppet,331.0,,,,1109.5
Sigilyph,,801.0,588.0,509.0,687.0
Silcoon,,,,,1322.5
Silicobra,,,,,1113.0
Silvally,,,,,455.0
Simipour,,534.0,414.5,458.5,500.5
Simisage,,428.0,329.0,443.0,381.0
Simisear,,683.5,474.0,474.0,498.5
Sinistea,,,,,966.5
Sirfetch'd,,68.5,99.0,111.5,267.0
Sizzlipede,,,,,1050.0
Skarmory,,55.0,99.0,403.5,647.0
Skiddo,,,,,1070.5
Skiploom,,,,,1160.0
Skitty,309.5,,,,1260.0
Skorupi,57.0,773.0,,,1171.5
Skrelp,62.0,665.5,,,1055.0
Skuntank,,249.5,105.0,342.5,463.0
Skwovet,81.0,,,,1201.5
Slaking,,872.0,642.0,342.5,587.0
Slakoth,372.0,,,,1297.5
Sliggoo,,588.5,576.0,533.0,826.0
Slowbro,,290.5,218.0,359.5,478.5
Slowking,,294.5,193.5,359.5,478.5
Slowpoke,125.0,644.0,,,986.5
Slugma,197.5,,,,1210.0
Slurpuff,,232.5,211.0,414.5,623.0
Smeargle,,,,,1330.0
Smoochum,290.5,551.0,,,950.0
Sneasel,295.0,624.5,493.0,,586.0
Sneasler,,128.0,83.0,108.5,282.0
Snivy,182.0,,,,1227.0
Snom,,,,,1303.0
Snorlax,,66.5,118.0,67.0,357.0
Snorunt,119.0,,,,1193.0
Snover,281.0,615.0,,,1098.0
Snubbull,204.0,781.0,,,958.0
Sobble,,,,,1000.5
Solgaleo,,,328.0,19.5,208.5
Solosis,333.0,867.5,,,908.0
Solrock,,725.5,505.5,504.5,512.5
Spearow,171.5,,,,1085.5
Spectrier,,,,,137.0
Spewpa,,,,,1332.0
Spheal,47.5,,,,1187.5
Spinarak,167.5,,,,1224.0
Spinda,,286.0,,,1231.5
Spiritomb,,430.5,467.0,483.5,619.0
Spoink,337.0,869.0,,,1026.5
Spritzee,19.0,273.5,,,1097.0
Squirtle,127.5,,,,1229.0
Stantler,,581.5,507.0,,573.0
Staraptor,,450.5,313.5,268.5,219.0
Staravia,,377.0,,,882.0
Starly,253.5,,,,1180.0
Starmie,,736.0,533.0,460.0,429.0
Staryu,228.5,,,,1103.0
Steelix,,100.0,18.5,219.5,696.5
Steenee,,,,,1236.5
Stonjourner,,,,,289.0
Stoutland,,615.0,359.5,254.0,493.5
Stufful,,511.0,,,940.0
Stunfisk,,100.0,91.0,295.5,752.5
Stunky,31.5,764.0,,,971.0
Sudowoodo,,158.5,160.5,418.0,543.0
Suicune,,576.5,351.5,142.5,521.0
Sunflora,,609.5,491.0,,624.0
Sunkern,70.0,,,,1310.0
Surskit,238.0,,,,1249.5
Swablu,167.5,,,,1287.0
Swadloon,,438.5,,,988.0
Swalot,,444.5,484.5,529.0,788.5
Swampert,,5.0,8.5,37.5,179.0
Swanna,,836.5,543.0,,712.0
Swellow,,176.5,,,583.5
Swinub,31.5,,,,1280.0
Swirlix,302.5,827.0,,,1213.5
Swoobat,,414.5,,,734.0
Sylveon,,277.0,173.0,89.0,353.5
Taillow,274.5,,,,1244.0
Talonflame,,257.0,49.0,399.0,530.0
Tangela,302.5,470.5,351.5,466.5,490.0
Tangrowth,,212.5,145.0,139.0,259.0
Tapu Bulu,,,332.0,76.0,198.5
Tapu Fini,,81.5,16.5,76.0,468.0
Tapu Koko,,,341.0,120.5,260.0
Tapu Lele,,,474.0,98.0,205.0
Tauros,,678.5,476.0,424.5,648.0
Teddiursa,300.0,665.5,,,863.5
Tentacool,144.0,856.0,,,1238.0
Tentacruel,,340.5,65.5,356.5,630.0
Tepig,89.0,,,,1104.5
Terrakion,,,168.0,60.5,38.0
Thievul,,,,,729.0
Throh,,833.0,583.0,514.5,606.0
Thundurus  (Incarnate Forme),,,,,330.0
Thundurus (Incarnate),,,322.5,125.0,
Thundurus (Therian Forme),,,,,126.0
Thundurus (Therian),,,568.0,153.0,
Thwackey,,,,,680.5
Timburr,339.0,857.0,,,1035.0
Tirtouga,89.0,315.0,,,915.0
Togedemaru,,66.5,240.5,,508.0
Togekiss,,363.0,224.5,73.0,204.0
Togepi,272.0,,,,1297.5
Togetic,,158.5,568.0,,878.0
Torchic,210.5,,,,1064.0
Torkoal,,470.5,417.0,477.5,699.0
Tornadus (Incarnate Forme),,,,,263.0
Tornadus (Incarnate),,,619.0,364.0,
Tornadus (Therian Forme),,,,,326.0
Tornadus (Therian),,,539.0,280.5,
Torracat,,594.0,,,805.0
Torterra,,425.0,419.5,287.0,274.0
Totodile,178.5,821.0,,,1087.0
Toucannon,,701.5,493.0,433.0,395.0
Toxapex,,61.0,449.0,,935.0
Toxel,,,,,1281.0
Toxicroak,,124.5,77.5,265.0,341.0
Toxtricity,,,,,304.0
Tranquill,,591.5,,,846.0
Trapinch,348.0,807.5,,,968.0
Treecko,305.5,,,,1023.0
Trevenant,,64.5,38.0,197.0,345.0
Tropius,,100.0,310.0,461.0,759.0
Trubbish,368.0,,,,1208.0
Trumbeak,,775.0,,,802.0
Tsareena,,497.0,414.5,243.5,251.0
Turtonator,,328.0,296.0,445.0,645.0
Turtwig,40.0,576.5,,,1051.0
Tympole,146.0,,,,1271.0
Tynamo,358.0,,,,1308.0
Type: Null,,,,,552.0
Typhlosion,,389.0,193.5,191.0,249.0
Tyranitar,,518.5,395.5,84.0,83.5
Tyrantrum,,534.0,399.0,287.0,161.0
Tyrogue,251.5,,,,1314.0
Tyrunt,,257.0,,,799.5
Umbreon,,44.0,91.0,294.0,763.0
Unfezant,,725.5,530.0,448.5,311.5
Unown,,871.0,,,1272.0
Ursaluna,,669.0,498.5,28.0,149.0
Ursaring,,457.5,325.5,206.0,310.0
Urshifu (Rapid Strike Style),,,,,96.0
Urshifu (Single Strike Style),,,,,96.0
Uxie,,420.0,246.5,369.5,656.0
Vanillish,,609.5,,,890.0
Vanillite,183.5,,,,1166.5
Vanilluxe,,832.0,615.5,452.0,453.0
Vaporeon,,300.5,214.0,128.5,382.5
Venipede,269.0,,,,1239.0
Venomoth,,628.5,496.0,,643.0
Venonat,73.5,,,,1134.0
Venusaur,,94.0,62.0,208.5,272.0
Vespiquen,,425.0,449.0,493.0,750.5
Vibrava,,562.5,,,992.5
Victini,,121.0,130.5,86.5,125.0
Victreebel,,357.0,335.0,438.0,404.0
Vigoroth,,25.0,369.5,,771.0
Vikavolt,,470.5,359.5,230.5,244.0
Vileplume,,407.5,371.5,427.0,422.0
Virizion,,,11.5,50.0,195.0
Vivillon,,715.0,,,678.0
Volbeat,,757.0,637.0,,874.0
Volcanion,,,,,172.0
Volcarona,,844.5,585.0,195.0,120.0
Voltorb,278.0,,,,1124.0
Vullaby,97.5,343.0,,,1007.5
Vulpix,68.0,,,,1176.0
Wailmer,57.0,281.5,,,903.0
Wailord,,355.5,240.5,435.5,522.0
Walrein,,35.0,18.5,76.0,504.0
Wartortle,,428.0,,,969.0
Watchog,,809.0,,,787.0
Weavile,,457.5,332.0,91.5,183.0
Weedle,249.5,,,,1302.0
Weepinbell,,461.0,,,685.0
Weezing,,711.0,430.5,510.0,585.0
Whimsicott,,100.0,229.0,,642.0
Whirlipede,,762.0,,,1046.5
Whiscash,,15.0,123.5,307.5,807.0
Whismur,366.0,,,,1162.5
White Kyurem,,,,,40.0
Wigglytuff,,169.5,376.0,,636.0
Wimpod,,,,,1309.0
Wingull,234.5,,,,1261.0
Wishiwashi (School Form),,,,,268.0
Wishiwashi (Solo Form),,,,,1316.0
Wobbuffet,,31.5,,,1248.0
Woobat,140.0,,,,1137.5
Wooloo,64.0,,,,1274.0
Wooper,9.0,,,,1288.0
Wormadam (Plant Cloak),,,,,818.5
Wormadam (Plant),,632.5,608.0,,
Wormadam (Sandy Cloak),,,,,818.5
Wormadam (Sandy),,657.5,622.5,,
Wormadam (Trash Cloak),,,,,907.0
Wormadam (Trash),,336.0,,,
Wurmple,261.0,,,,1320.0
Wynaut,2.0,,,,1319.0
Xatu,,801.0,605.0,535.0,686.0
Xerneas,,,253.0,4.5,122.0
Xurkitree,,,477.0,103.0,62.0
Yamask,356.5,,,,1174.0
Yamper,,,,,1279.0
Yanma,244.0,556.0,,,942.0
Yanmega,,547.0,410.5,315.0,309.0
Yungoos,246.5,,,,1080.0
Yveltal,,,338.5,18.0,44.0
Zacian (Hero),,,275.0,13.0,
Zacian - Crowned Sword,,,,,43.0
Zacian - Hero of Many Battles,,,,,147.0
Zamazenta (Hero),,,316.5,44.0,
Zamazenta - Crowned Shield,,,,,271.0
Zamazenta - Hero of Many Battles,,,,,286.0
Zangoose,,148.0,134.0,312.5,694.5
Zapdos,,143.0,96.0,47.0,166.0
Zarude,,,281.5,23.0,98.0
Zebstrika,,185.0,214.0,380.5,388.5
Zekrom,,,163.5,9.5,47.0
Zigzagoon,157.5,,,,1305.0
Zoroark,,591.5,444.0,321.0,308.0
Zorua,,,,,943.5
Zubat,36.0,,,,1263.0
Zweilous,,62.5,392.5,,797.0
Zygarde (10% Forme),,556.0,407.5,457.0,450.0
Zygarde (50% Forme),,202.5,142.5,46.0,258.0
Zygarde (Complete Forme),,,2.0,1.0,225.0
